Party Name,Description,Rate
S.S.PLASTICS,NYLON BUSH,6.1
AMIT TRADING CORPORATION,DAF SPINDLE CAP (UPPER ),4.0
AMIT TRADING CORPORATION,DAF SPINDLE CAP (BOTTOM ),4.0
RSB,THRUST WASHER DOST,0.8
RSB,GREASE NIPPLE COVER,0.07
RSB,LOCATOR,0.5
RSB,590 THRUST WASHER,0.8
RSB,620 THRUST WASHER,0.8
RSB,490 THRUST WASHER,0.8
RSB,403 THRUST WASHER,0.7
RKFL,SAFETY CAP FOR FLANGE OD DIFF CASE-857,15.0
S.S.PLASTICS,DUST CAP (WHITE),1.2
RKFL,PLASTIC CAP DIA 115 MM,3.5
RKFL,PLASTIC CAP DIA 120MM,3.5
RSB,ANTI LOCKING PLATE 490J,4.21
RSB,PROTECTIVE COVER 70 DIA,3.0
RKFL,PLASTIC CAP THREAD DIA 80 MM,4.0
RKFL,"PLASTIC CAP(THREAD 3 1/4"")FOR EGE SPINDL",4.0
TIMKEN,ENTRANCE TUBE CM 647941,2592.0
TIMKEN,INLET TUBE  AM691676,1777.0
TIMKEN,ETRANCE TUBE CM 312612,2592.0
TIMKEN,INLET TUBE  BM647775,1485.0
TIMKEN,ENTRANCE BASE PLATE BM 647184,1300.0
TIMKEN,ENTRANCE BASE SUPPORT PLATE BM 647499,2800.0
TIMKEN,ENTRANCE TUBE MOUNTING BRACKET CM 312676,3500.0
TIMKEN,STOP CYLINDER MOUNTING BRACKET CM 961425,2000.0
RKFL,PLASTIC CAP ITL DIA  141 MM,5.5
RKFL,PLASTIC CAP ITL DIA 193.36 MM,7.95
AMIT TRADING CORPORATION,EGE SPINDLE CAP (UPPER ),4.0
AMIT TRADING CORPORATION,EGE SPINDLE CAP (BOTTOM ),4.0
ALIED INSTRUMENTS & THERMOCOUPLES,SS LANCE 16X11X1110 MM  LONG,235.0
ALIED INSTRUMENTS & THERMOCOUPLES,SS LANCE 16X11X1410MM  LONG,235.0
ALIED INSTRUMENTS & THERMOCOUPLES,SS LANCE 16X11X1710MM  LONG,235.0
ALIED INSTRUMENTS & THERMOCOUPLES,PIN FOR D.S DIE,200.0
RKFL,PLASTIC CAP DIA 70 FOR DANA HUB GEAR,10.75
RKFL,PLASTIC CAP DIA 70,10.75
RKFL,PLASTIC CAP Ø 95.6 FOR HUB GEAR,3.2
ALIED INSTRUMENTS & THERMOCOUPLES,MS PLATE,4.0
RSB,CENTRE BEARING SLINGER 680JT,14.59
TATA MOTORS  LIMITED,HT SHOT BLASTING  HANGER?SYNCHRO PARTS,6820.0
TATA MOTORS  LIMITED,SHOT BLASTING HANGER D/S C/S M/S Ø75,6425.0
TATA MOTORS  LIMITED,SHOT BLASTING HANGER D/S C/S M/S DIA 60,6250.0
TATA MOTORS  LIMITED,L/T FOR BANJO BEAM WITH ADOPTER,7800.0
TATA MOTORS  LIMITED,LIFTING TACKLE FOR CR WHEEL RA-109RR,2150.0
TIMKEN,INLET TUBE  BM 647942,1935.0
TIMKEN,STEEL  TUBE  AM 961804,1935.0
TIMKEN,STEEL  TUBE  AM 961216,1935.0
TATA MOTORS  LIMITED,G680 GB ASSY. LIFTING TACKLE,4425.0
TATA MOTORS  LIMITED,LIFTING TACKLE  FOR  BRAKE DRUM,990.0
RSB,591 THRUST WASHER,0.0
SILICON,KNUCKLE CAP M60,3.25
SILICON,KNUCKLE CAP M44,1.9
TIMKEN,SIZER UIC & AP CONE SERIES,600.0
TIMKEN,CAGE REPAIRING,750.0
RSB,R.H NECK LENGTH,5.0
THE TINPLATE COMPANY OF INDIA  LIMITED,RECONDITIONING OF BRIDLE ROLLS AT ECL1,12300.0
RSB,RUBBER LOCATOR 590JT,0.8
RKFL,PLASTIC SEPARATOR DISC TY OD200 ID50 TH2,6.0
RKFL,PLASTIC CAP FOR PROP SHAFT 156 M95X2,6.15
TIMKEN,WHEEL NUT,500.0
ALIED INSTRUMENTS & THERMOCOUPLES,"SS LANCE  3/4""",550.0
ALIED INSTRUMENTS & THERMOCOUPLES,BAR HOLDER BRACKET,1000.0
RSB,PLASTIC CAP FOR LONG FORK,4.6
ALIED INSTRUMENTS & THERMOCOUPLES,FAB INJECTION PIN,450.0
ALIED INSTRUMENTS & THERMOCOUPLES,PAPER TUBE MENDRAL REPAIRING 2 METER LONG,650.0
SILICON,KNUCKLE CAP M48,2.3
RKFL,PLASTIC CAP(THREAD86)FOR AXLE STAMP,3.5
TATA MOTORS  LIMITED,SHOT BLASTING HANGER  GEARS G950,6250.0
TATA MOTORS  LIMITED,CROWN WHEEL HANGER FOR HT SHOT BLAST,4845.0
TATA MOTORS  LIMITED,LT FOR REAR AXLE UNLOADING,6250.0
TATA MOTORS  LIMITED,LIFTING TACKLE OF FRONT AXLE FOR PAINTING,4125.0
RKFL,PLASTIC COVER SPRING  POT ICF/J&T/SK 1823,24.8
RKFL,PLASTIC CAP DIA 100.3  (RA 110 CASE),4.0
RKFL,PLASTIC CAP DIA 202.5  (RA 110 COVER),6.0
RSB,DUST COVER 490/590 CBB,11.5
THE TINPLATE COMPANY OF INDIA  LIMITED,L.T WHEEL REPAIRING,24000.0
RKFL,PLASTIC CAP FOR DRIVE SHAFT M52X1.5,3.0
RKFL,PLASTIC CAP FOR S-175 OD 265 MM COMMON,14.5
TATA MOTORS  LIMITED,RR CROWN WHEEL TACKLE,3845.0
TATA MOTORS  LIMITED,LIFTING TACKLE FOR DIFFR,3500.0
TATA MOTORS  LIMITED,LIFTING TACKLE -WHAP AXLE  0.7 M POLY SLING,7900.0
RKFL,THREAD PROTECTING CAP M50 X 1.5,3.5
RSB,491 THRUST WASHER,0.0
TIMKEN,REPAIRING OF CHURCHILL WHEEL 2.25X10,8500.0
TIMKEN,590350195 RING-BM-603694/***;,14378.0
RKFL,PLASTIC CAP DIA 85,7.0
WABCO,TIP CLAMP,450.0
TIMKEN,REPAIRING OF BACKING RING,1200.0
TIMKEN,REPAIRING OF PIVOT ARM,550.0
TIMKEN,MAG CHUCK REPAIRING,1300.0
TATA MOTORS  LIMITED,TACKLE DIFF CASE & COVER WASHING M51-63PARI,4870.0
TATA MOTORS  LIMITED,TACKLE LIFTING 1312 DIFF,6856.0
TIMKEN,REPAIRING OF ROLLER MODLER CAGE,800.0
TIMKEN,CENTERING PLUG NP 189575,1500.0
RSB,404 THRUST WASHER,0.0
ALIED INSTRUMENTS & THERMOCOUPLES,SHAFT FOR REPAIRING,650.0
WABCO,CRANK SHAFT CLAMP FIXTURE BOLT,750.0
TATA MOTORS  LIMITED,PLASTIC DISC SEPARATOR  FOR GEAR SOFT AREA,5.5
TATA CUMMINS,"LIFTING TACKLE AS PER DRG MH8802 PIN 2 &5 ,SRF LANDIS MB 1&2,CR",2280.0
TATA CUMMINS,"LIFTING TACKLE AS PER DRG MH8803 FOR MB 3 &5 ,CBR/HELLER,CR",2295.0
TATA CUMMINS,"LIFTING TACKLE AS PER DRG MH8810  PIN 3 & 4 ,SB CNC,EMA,CR",1690.0
TATA CUMMINS,"LIFTING TACKLE AS PER DRG MH8809  FOR PIN 1 & 6 ,MARPOSS,CR",2085.0
TATA CUMMINS,"LIFTING TACKLE AS PER DRG MH8810 FOR PIN 1 & MB 5 ,NAGEL ,CR",2315.0
TATA CUMMINS,"LIFTING TACKLE AS PER DRG MH8812 FOR MB 2 & 6 ,LANDIS, PIN 1&2 CR",2295.0
TATA CUMMINS,"LIFTING TACKLE AS PER DRG MH8897 TWIN ARM , CH S/A ATP",2295.0
THE TINPLATE COMPANY OF INDIA  LIMITED,MOTOR SHAFT MANUF & FITTING,7500.0
RKFL,PLASTIC COVER DIA 100MM X 88MM L,7.55
S.S.PLASTICS,KNUCKLE CAP M60,3.25
JAGAT ENGINEERING CENTRE,EGE SPINDLE CAP (UPPER ),3.0
JAGAT ENGINEERING CENTRE,EGE SPINDLE CAP (BOTTOM ),3.0
S.S.PLASTICS,KNUCKLE CAP M44,1.9
S.S.PLASTICS,KNUCKLE CAP M48,2.3
RAJ MACHINING CENTER,EGE SPINDLE CAP (UPPER ),3.0
RAJ MACHINING CENTER,EGE SPINDLE CAP (BOTTOM ),3.0
RAJ MACHINING CENTER,DAF SPINDLE CAP (UPPER ),3.0
RAJ MACHINING CENTER,DAF SPINDLE CAP (BOTTOM ),3.0
WABCO,CRANK SHAFT TIP CLAMP,450.0
RKFL,SAFETY CAP FOR BEARING OD DIFF CASE-857,4.9
RKFL,PLASTIC  CAP 185 MM DIA FOR 404 DIFF CASE,9.5
ALIED INSTRUMENTS & THERMOCOUPLES,SAND MIXING BLADE (TOP),2850.0
S.S.PLASTICS,PLASTIC PAD WITH NUT,6.0
TIMKEN,ALIGNMENT PIN - AM-913363,650.0
TIMKEN,ALIGNMENT PIN - AM-929909,650.0
TIMKEN,REG WHEEL OUTER REPAIRING,120.0
TATA CUMMINS,"CONSUMABLE.MISC.MS PACKING STRIP,THICKNESS-0.76 MM,WIDTH-32 MM,LENGTH-356MM",18.75
RKFL,PLASTIC CAP 185MM  DIA  FOR 404 DIFF CASE,9.5
RSB,592 THRUST WASHER,0.8
TIMKEN,WHEEL FLANGE SPARE,1850.0
TIMKEN,CLOSING IN DIE REPAIRING,800.0
TIMKEN,SHOE HOLDER CLS-K REPAIRING,1300.0
TIMKEN,SHOE HOLDER REPAIRING,300.0
RKFL,PLASTIC CAP ITL DIA 186.97 MM,7.75
TIMKEN,BUSH FOR CUP WHEEL,400.0
TIMKEN,SCREW M6 AM 497200  WITH MACHINING,25.0
THE TINPLATE COMPANY OF INDIA  LIMITED,7.5 KW MOTOR END COVER  REPAIRING,1180.0
THE TINPLATE COMPANY OF INDIA  LIMITED,18.5 KW   MOTOR END COVER  REPAIRING,1470.0
THE TINPLATE COMPANY OF INDIA  LIMITED,55KW   MOTOR END COVER  REPAIRING,2132.0
TATA MOTORS  LIMITED,TACKLE MAIN SHAFT   LIFTING,3950.0
TATA MOTORS  LIMITED,HANGER FOR PINION,5835.0
TIMKEN,COUPLING,850.0
ALIED INSTRUMENTS & THERMOCOUPLES,3/4 SS LANCE 4700 MM LONG,1350.0
ALIED INSTRUMENTS & THERMOCOUPLES,3/4 SS STRAIGHT LANCE 3400 MM LONG,650.0
RSB,SS ANGLE,750.0
TIMKEN,REPAIRING OF THRUST  RING BRACKET,250.0
ALIED INSTRUMENTS & THERMOCOUPLES,SAND MIXING BLADE (BOTTOM),875.0
ZF CVCS  INDIA LIMITED,CRANK CASE FIXTURE REPAIRING,750.0
ZF CVCS  INDIA LIMITED,WIN -G 13226-2/4 REPAIRING,350.0
TIMKEN,ALIGNMENT PIN PART NO.- 6010 ? AM-871954,850.0
TIMKEN,ALIGNMENT PIN PART NO.R30314 ? AM-952492,950.0
TIMKEN,ROTARY GRINDING WHEEL SPACER,2050.0
ZF CVCS  INDIA LIMITED,LEAD SCREW,7425.0
ZF CVCS  INDIA LIMITED,BRASS BUSH WITH BOX NUT,6150.0
RKFL,PLASTIC CAP 73.5 MM DIA FOR 404 DIFFCASE,4.5
TATA MOTORS  LIMITED,BRASS BRAZED LIFTING HOOK CROWN WHEEL HT,3165.0
TATA MOTORS  LIMITED,TACKLE 109RRCARRHSG PINIONHOLE(DEBURING),1050.0
TIMKEN,CLOSING IN DIE SPACER  AS PER HAND SKETCH,700.0
SILICON,KNUCKLE CAP M42,1.9
ZF CVCS  INDIA LIMITED,CRANK SHAFT CLAMP FIXTURE BOLT,750.0
ZF CVCS  INDIA LIMITED,CRANK SHAFT TIP CLAMP,450.0
ALIED INSTRUMENTS & THERMOCOUPLES,MS BUSH (MI CABLE),7.25
ALIED INSTRUMENTS & THERMOCOUPLES,GEAR BOX REPAIRING,7500.0
TIMKEN,REPAIRING OF HOLDER BMTRANSPORTING,250.0
RKFL,PLASTIC COVER M12,2.55
RKFL,PLASTIC COVER M24,2.95
RKFL,PLASTIC CAP RA SHAFT ID(75.2) HT(70),4.2
RKFL,PLASTIC CAP SPLINE  RASHAFT (ID 60.3),5.0
AMIT TRADING CORPORATION,PLASTIC CAP RA   SHAFT ID (75.2) HT(70),4.0
AMIT TRADING CORPORATION,PLASTIC CAP SPLINE  RASHAFT (ID 60.3),5.0
RKFL,PLASTIC CAP FOR PROP SHAFT 156 M60X2,5.95
RKFL,PLASTIC CAP ITL DIA 163.25 MM,5.5
SILICON,NYLON BUSH,6.1
SILICON,PLASTIC CAP DIA 73.5 MM,5.0
SILICON,PLASTIC CAP DIA 185 MM,8.25
TIMKEN,MAKING OF SPECIAL BOLT,350.0
TIMKEN,REPAIRING OF RETAINER,125.0
TIMKEN,REPAIRING OF THRUST RING  BRACKET,250.0
RKFL,PLASTIC CAP # DIA 100.3 (RA 110 CASE  ),4.0
RKFL,PLASTIC CAP # DIA 202.5 (RA 110 COVER ),6.0
SILICON,PLASTIC CAP DIA 85 MM,6.0
TIMKEN,MAKING OF SPACER AM953637,3000.0
ALIED INSTRUMENTS & THERMOCOUPLES,3/4 SS BEND LANCE 5100 MM LONG,1350.0
RKFL,PLASTIC CAP FOR S-175  OD 95.35 MM COMMON,6.5
JAGAT ENGINEERING CENTRE,DAF SPINDLE CAP (UPPER ),3.0
JAGAT ENGINEERING CENTRE,DAF SPINDLE CAP (BOTTOM ),3.0
JAGAT ENGINEERING CENTRE,AXLE INDIA CAP (UPPER ),3.0
JAGAT ENGINEERING CENTRE,AXLE INDIA CAP(BOTTOM ),3.0
TATA MOTORS  LIMITED,TACKLE FOR LOADING DIFF ASSY ONTO SEAT,2875.0
SILICON,KNUCKLE CAP M32X1.5,3.5
TIMKEN,REPAIRING OF SPLIT CAGE,800.0
TIMKEN,REPAIRING OF REG WHEEL ADAPTOR,500.0
RSB,PROTECTIVE COVER DIA 110 MM,5.0
RKFL,PLASTIC CAP ITL DIA 190.32 MM,7.8
PROGRESSIVE AUTOMOTIVES,407 PECO BACK COVER,4.1
ALIED INSTRUMENTS & THERMOCOUPLES,SHAFT  DIA REPAIRING,550.0
TIMKEN,TOP LOCATING BUSH REPAIRING,1000.0
RKFL,PLASTIC CAP ITL DIA  193.36  MM,7.95
PROGRESSIVE AUTOMOTIVES,SWITCH COVER W/FET.,4.5
TIMKEN,REPAIRING OF DISCHARGING GUIDE,200.0
TIMKEN,"WASHER OD 50 MM, THICKNESS 4 MM",375.0
TIMKEN,"WASHER OD 63.5 MM, THICKNESS    3.175 MM",400.0
TIMKEN,"WASHER OD 255 MM, THICKNESS 13",3500.0
TIMKEN,BLADE FIXTURE STOPPER,1100.0
TIMKEN,REPAIRING OF RUNNING IN CUP FOR CONE,7000.0
AMIT TRADING CORPORATION,DAFF  CAP (UPPER ),4.0
AMIT TRADING CORPORATION,DAFF  CAP (BOTTOM ),4.0
RKFL,PLASTIC CAP DIA 95.7,3.2
SILICON,KNUCKLE CAP M50,2.85
TATA CUMMINS,SPARE MECHANICAL 2400X28X5 MM,9350.0
RKFL,NAN,4.0
AMIT TRADING CORPORATION,PLASTIC CAP RA SHAFT ID(75.2) HT(70),4.2
AMIT TRADING CORPORATION,PLASTIC CAP SPLINERASHAFT(ID 60.3),5.0
TATA MOTORS  LIMITED,TACKLE FOR LOADING HUB ASSY,5375.0
TATA MOTORS  LIMITED,TACKLE FOR LIFTING HUB ASSY IN WASHING,7885.0
TATA MOTORS  LIMITED,INVERSION TACKLE FOR LIFTING THU HUB IN,4195.0
RSB,BEARING CUP COVER,1.5
RSB,PLASTIC CAP 185MM  DIA  FOR 404 DIFF CASE,9.5
RSB,"PLASTIC CAP (THREAD 3 1/4"")FOR EGE SPINDL",4.0
RSB,PLASTIC CAP # DIA 100.3 (RA 110 CASE  ),4.0
RSB,PLASTIC CAP # DIA 202.5 (RA 110 COVER ),6.0
RSB,PLASTIC CAP 73.5 MM DIA FOR 404 DIFFCASE,4.5
RSB,PLASTIC CAP DIA 120 MM,3.5
TIMKEN,SPACER DIA 239 X ID 195 X 6 MM,1600.0
TIMKEN,SPACER DIA 30 X ID 16 X 7.5 MM,300.0
TIMKEN,SPACER DIA 30 X ID 16 X 6.5MM,300.0
ALIED INSTRUMENTS & THERMOCOUPLES,SS LANCE 16X11X1800 MM  LONG,235.0
TIMKEN,ROLL LOCATOR AM-960200-XC2323AJ,5985.0
TIMKEN,INSERT PLATE AM-960201-XC2323AJ,1525.0
RKFL,PLASTIC CAP FOR LONG FORK,4.6
TIMKEN,HOLDER BM XC2323AJ,5544.0
THE TINPLATE COMPANY OF INDIA  LIMITED,3.7 KW   MOTOR END COVER  REPAIRING,998.0
TIMKEN,ENTERANCE BASE PLATE,2235.0
ALIED INSTRUMENTS & THERMOCOUPLES,HOLDER FOR U TRADE,25.0
TATA CUMMINS,LIFTING TACKLE AS PER DRG MH0412 ENGINE,7791.0
TATA CUMMINS,LIFTING TACKLE AS PER DRG MH1100 ENGINE,9163.0
TATA CUMMINS,"LIFTING TACKLE AS PER DRG MH8843, CELL7CH",2285.0
ALIED INSTRUMENTS & THERMOCOUPLES,TARAY,650.0
ALIED INSTRUMENTS & THERMOCOUPLES,ANCHOR PLATE,475.0
TATA MOTORS  LIMITED,HT SHOT BLASTING HANGER?SYNCHRO PARTS,6820.0
TATA MOTORS  LIMITED,L T FOR FINISH R AXLE,6895.0
TATA MOTORS  LIMITED,LIFTING TACKLE FOR BRAKE,990.0
TATA MOTORS  LIMITED,DROP GEAR HSG LIFTING,2450.0
KROSS,PLASTIC SEPARATOR DISC TY OD 150 ID 50 TH 2,4.0
TIMKEN,REPAIRING MAG CHUCK,750.0
ALIED INSTRUMENTS & THERMOCOUPLES,REPAIRING OF SPINDLE,1150.0
TIMKEN,REPAIRING OF QUILL,850.0
ALIED INSTRUMENTS & THERMOCOUPLES,SS LANCE FRONT WITH NIPPLE,650.0
RKFL,PLASTIC CAP ITL DIA 190.36 MM,7.95
TIMKEN,SEGMENT  REPAIRING,2200.0
PROGRESSIVE AUTOMOTIVES,PECO BACK COVER W/FET,4.1
RSB,NATURAL RUBBER RUBBER LOCATOR 590JT,0.8
TATA MOTORS  LIMITED,LIFTING TACKLE FOR DIFFR ASSY ( RA ASSY ),3500.0
TATA MOTORS  LIMITED,LIFTING HOOK FOR CROWN WHL & PINION LINE,1475.0
RSB,117 BEARING CUP COVER,1.5
ALIED INSTRUMENTS & THERMOCOUPLES,BUSH,350.0
ALIED INSTRUMENTS & THERMOCOUPLES,ADAPTOR,275.0
TATA CUMMINS,LIFTING TACKLE AS PER DRG MH3603 FOR CYL,3195.0
TATA CUMMINS,"LIFTING TACKLE AS PER DRG.MH8896,FOR PIN4,SRF",2625.0
TIMKEN,CAGE REPAIRING ( TRANSPORTING INCLUDED),800.0
TIMKEN,ALIGNMENT PIN PART NO: AM952485,1.0
AMIT TRADING CORPORATION,AXLE INDIA (UPPER  ),4.0
AMIT TRADING CORPORATION,AXLE INDIA (BOTTOM ),4.0
RKFL,PLASTIC CAP DIA  49 X HT37 MM,4.8
ALIED INSTRUMENTS & THERMOCOUPLES,TAPER MENDRAL,7950.0
RKFL,PLASTIC CAP#DIA202.5,6.5
TIMKEN,SPACER FOR COUNTER BORE 63.5,1250.0
TIMKEN,SUPFINA SPACER AS PER SAMPLE(OD 43.07MM/ID38.MM THICNESS 14.560,450.0
TIMKEN,CHUTE EXTENSION,400.0
ALIED INSTRUMENTS & THERMOCOUPLES,BRACKET,950.0
ALIED INSTRUMENTS & THERMOCOUPLES,ROLLING BAR BRACKET,1250.0
TIMKEN,LOWER SEGMANT REPAIRING,2000.0
RSB,NAN,0.0
TATA MOTORS  LIMITED,TACKLE  DIFF CASE & COVER WASHING M51-63,5756.0
TATA MOTORS  LIMITED,LIFTING TACKLE FOR R&F AXLE ASSY B/D,8500.0
TATA MOTORS  LIMITED,REAR HUB LIFTING TACKLE F/WASHING MACHINE,7050.0
ALIED INSTRUMENTS & THERMOCOUPLES,NAN,750.0
TATA CUMMINS,GUIDEL GEAR BOX MODIFICATION,1150.0
RKFL,PLASTIC CAP(THREAD M100)FOR EGE SPINDLE,3.8
ALIED INSTRUMENTS & THERMOCOUPLES,SS LANCE 16X11 1200 MM LONG,225.0
ALIED INSTRUMENTS & THERMOCOUPLES,SS LANCE 16X11 1400 MM LONG,225.0
ALIED INSTRUMENTS & THERMOCOUPLES,REPAIRNG OF TAPPER MENDAL,550.0
ALIED INSTRUMENTS & THERMOCOUPLES,"3/4"" S.S.LANCE  2200 MM LONG   WITH  HANDLE",650.0
ALIED INSTRUMENTS & THERMOCOUPLES,MS PLATE (WITH GRINDING),15.95
ALIED INSTRUMENTS & THERMOCOUPLES,MS PLATE (WITHOUT GRINDING),13.95
ALIED INSTRUMENTS & THERMOCOUPLES,PUNCH,375.0
ALIED INSTRUMENTS & THERMOCOUPLES,END PIECE,500.0
ALIED INSTRUMENTS & THERMOCOUPLES,VERTICAL PIN,450.0
ZF CVCS  INDIA LIMITED,SHAFT WITH BOX NUT,14250.0
THE TINPLATE COMPANY OF INDIA  LIMITED,75 KW BRIDLE MOTOR,2298.0
SILICON,KNUCKLE CAP M85,6.0
RKFL,"PLASTIC CAP SPLINE,  RASHAFT(ID 46.5)",4.5
S.S.PLASTICS,PLASTIC PAD WITH NUT (BLACK),6.0
ALIED INSTRUMENTS & THERMOCOUPLES,S.S.LANG 1200 MM,225.0
ALIED INSTRUMENTS & THERMOCOUPLES,S.S.LANCE 1500 MM,225.0
ALIED INSTRUMENTS & THERMOCOUPLES,S.S.LANG 1800 MM,225.0
TATA MOTORS  LIMITED,SHOT BLASTING HANGER GEARS G950,6250.0
ALIED INSTRUMENTS & THERMOCOUPLES,RACK & PINION,2750.0
SILICON,DIA105.11(UPPER),5.5
SILICON,DIA214(BOTTOM),9.5
TIMKEN,SPACER,225.0
RKFL,PLASTIC CAP #2425/37 BD D105 / 69 X 30,5.0
RKFL,PLASTIC CAP #2425 FD D214 / 157 X 18,5.0
THE TINPLATE COMPANY OF INDIA  LIMITED,END COVER 1.1KW,792.0
THE TINPLATE COMPANY OF INDIA  LIMITED,END COVER 18.5,1510.0
THE TINPLATE COMPANY OF INDIA  LIMITED,END COVER 15 KW,1510.0
THE TINPLATE COMPANY OF INDIA  LIMITED,END COVER 45  KW,2042.0
THE TINPLATE COMPANY OF INDIA  LIMITED,END COVER 7.5 K7.5 KW   MOTOR END COVER  REPAIRING W,902.0
THE TINPLATE COMPANY OF INDIA  LIMITED,END COVER 7.5 KW7.5 KW   MOTOR END COVER  REPAIRING,902.0
THE TINPLATE COMPANY OF INDIA  LIMITED,END COVER 5.5 KW,1080.0
THE TINPLATE COMPANY OF INDIA  LIMITED,END COVER 11 KW,1395.0
TIMKEN,SEGMENT REPAIRING,2250.0
RSB,DOST WASHER (COVER),0.75
SILICON,NAN,4.0
RKFL,"SHAFT M52X1.5, PLASTIC CAP FOR DRIVE",3.0
RKFL,PLASTIC CAP#DIA202.5 (RA110 COVER),6.0
RKFL,PLASTIC CAP #2428/30 BD D102 / 58 X 40,4.75
TIMKEN,SPACER REPAIRING,225.0
TIMKEN,ENTRANCE BASE PLATE,1800.0
ALIED INSTRUMENTS & THERMOCOUPLES,FAB. SOCKET - 250 MM MAT:  EN-24 (HARDNESS 48/50 RC)(AS PER DRAWING),835.0
RKFL,PLASTIC CAP #2430/37 FD D351 / 157 X 21,23.0
SILICON,PLASTIC CAP DIA 101.73 (UPPER) DIA-102,4.75
RKFL,PLASTIC CAP(DANA 404) D 104 X 70MM DISC,4.0
RKFL,PLASTIC CAP(MERITOR) D 114  X 83 MM DISC,4.0
THE TINPLATE COMPANY OF INDIA  LIMITED,TENSION BRIDLE ROLL,12300.0
THE TINPLATE COMPANY OF INDIA  LIMITED,L.T.COMPRESSOR MOTOR END COVER REPAIRING,3230.0
SILICON,PLASTIC CAP DIA 104 (UPPER),5.5
SILICON,PLASTIC CAP DIA 214 (BOTTOM),9.5
SILICON,PLASTIC CAP DIA 351,24.0
SILICON,PLASTIC CAP DIA 105.11 (UPPER),5.5
SILICON,PLASTIC CAP DIA 351 (BOTTOM),24.0
RKFL,RUBBER 20THK X70MM,900.0
RKFL,RUBBER CORK CRU,650.0
TIMKEN,BRACKET-32X 100 X 10,1125.0
TIMKEN,BRACKET-32X 104 X 10,1125.0
RSB,LONG FORK,4.6
RKFL,PLASTICCAP DIA351,23.0
TATA MOTORS  LIMITED,TROLLEY FOR REAR HALF G1150 AND  G1350,25550.0
TIMKEN,ASSEMBLY MACHINE HYDRAULIC STATION CLOSING,12700.0
RKFL,PLASTIC CAP (MAN) D 120 X 87 MM DISC,4.0
TIMKEN,"INSERTION TOOL, B-226423",550.0
ZF CVCS  INDIA LIMITED,SHAFT 52 DIA X 775MM LONG X OTH001 SPINDLE,7450.0
TIMKEN,PISTON PIN K153675,375.0
TIMKEN,BRACKET-32X 100 X 10 (MS),1300.0
TIMKEN,BRACKET-32X 104 X 10(MS),1300.0
TIMKEN,WHEEL BUSH,500.0
TIMKEN,LOWER DISC,250.0
ALIED INSTRUMENTS & THERMOCOUPLES,FAB. SOCKET - 250 MM MAT:  EN-24,835.0
ALIED INSTRUMENTS & THERMOCOUPLES,NIPPLE -3/4 LANCE,225.0
TIMKEN,SEIBU ROLL REPAIRING,2500.0
KROSS,THREAD CAP M46 X 1.5MM,3.0
TATA MOTORS  LIMITED,SHOT BLASTING HANGER FOR COUNTER SHAFT G,7075.0
TIMKEN,LEAD SCREW WITH BRACKET,12500.0
AMIT TRADING CORPORATION,EGE SPINDLE CAP (BOTTOM 82.5 ),4.0
AMIT TRADING CORPORATION,DAF SPINDLE CAP (BOTTOM 139 ),4.0
THE TINPLATE COMPANY OF INDIA  LIMITED,E23-3 (30 HP) END COVER REPAIRING,1874.0
THE TINPLATE COMPANY OF INDIA  LIMITED,E22-119 (30 HP) END COVER REPAIRING,1874.0
THE TINPLATE COMPANY OF INDIA  LIMITED,E23-16 (2.2HP) END COVER REPAIRING,727.0
THE TINPLATE COMPANY OF INDIA  LIMITED,E22-79 (1.1 HP) END COVER REPAIRING,727.0
THE TINPLATE COMPANY OF INDIA  LIMITED,E23-18 (7.5 HP) END COVER REPAIRING,1154.0
AMIT TRADING CORPORATION,NAN,4.0
TATA MOTORS  LIMITED,PLASTIC DISC SEPARATOR FOR MATERIAL GEAR SOFT AREA,5.5
RKFL,PLASTIC CAP #2425/37 BD D105/ 69 X 30,5.0
TATA CUMMINS,SPARE MECHANICAL MISC GUIDE PLATE SIZE,9350.0
AMIT TRADING CORPORATION,DAF SPINDLE CAP (UPPER  ),4.0
ALIED INSTRUMENTS & THERMOCOUPLES,SS LANCE 16X11 X 810 MM LONG,225.0
ALIED INSTRUMENTS & THERMOCOUPLES,SS LANCE 16X11 X 1110 MM LONG,225.0
RKFL,PLASTIC CAP 3/4 BSPT THREAD,4.25
RKFL,PLASTIC SEPARATOR DISC TY OD150 ID50 TH2,4.0
KROSS,THREAD CAP M46 X 1.5MM (INPUT & OUTPUT SHAFT),3.0
RSB,CAP FOR LONG FORK 099,7.0
AMIT TRADING CORPORATION,EGE SPINDLE CAP 133,4.0
AMIT TRADING CORPORATION,EGE SPINDLE CAP 82.5,4.0
AMIT TRADING CORPORATION,DAF SPINDLE CAP 139,4.0
ALIED INSTRUMENTS & THERMOCOUPLES,STUD M12X90 MM LONG,200.0
TATA MOTORS  LIMITED,PLASTIC DISC SEPARATOR FOR HVAL STORE,5.0
ALIED INSTRUMENTS & THERMOCOUPLES,FAB.EJECTOR PIN M-14,150.0
ALIED INSTRUMENTS & THERMOCOUPLES,FAB.EJECTOR PIN M-16,200.0
ZF CVCS  INDIA LIMITED,SPINDLE SHAFT,7450.0
ZF CVCS  INDIA LIMITED,LEAD SCREW CS TAP AND  TIMER PULLY FINE BORING,14250.0
TIMKEN,CAGE-9003,850.0
TIMKEN,CAGE? HM237501A,851.0
TATA MOTORS  LIMITED,REAR HUB PLASTIC CAP,0.7
TATA MOTORS  LIMITED,M 10 PLASTIC CAP,0.73
AMIT TRADING CORPORATION,SPINDLE CAP 85,4.0
AMIT TRADING CORPORATION,SPINDLE CAP 80 X 2,4.0
AMIT TRADING CORPORATION,SPINDLE CAP 60 X 2,4.0
AMIT TRADING CORPORATION,SPINDLE CAP 133,4.0
AMIT TRADING CORPORATION,SPINDLE CAP 82.5,4.0
RAJ MACHINING CENTER,NAN,3.0
ALIED INSTRUMENTS & THERMOCOUPLES,SS LANCE 16X11 X 810MM LONG,225.0
ALIED INSTRUMENTS & THERMOCOUPLES,SS LANCE 16X11 X 1710 MM LONG,225.0
TIMKEN,"EXIT CHUTE TUBE ID 9.52, DWG.EM-465746",5500.0
RAJ MACHINING CENTER,SPINDLE CAP -139,3.0
AMIT TRADING CORPORATION,SPINDLE CAP 139,4.0
TIMKEN,CUP ADAPTOR,550.0
TIMKEN,REPAIRING OF STUD THREAD,225.0
RSB,621 THRUST WASHER,0.8
ALIED INSTRUMENTS & THERMOCOUPLES,BEND LANCE 4.7 MTRS (LENGTH) WITH 1100 MM,1350.0
ALIED INSTRUMENTS & THERMOCOUPLES,STRAIGHT LANCE 3.5 MTRS.,650.0
ALIED INSTRUMENTS & THERMOCOUPLES,STRAIGHT PIPE ONE SIDE THREAD,250.0
TIMKEN,ASSEMBLY MACHINE HYDRAULIC STATION CLOSING.,12700.0
KROSS,THREAD CAP M40 X 1.5MM,3.0
RAJ MACHINING CENTER,SPINDLE CAP -95.6,3.0
RKFL,PLASTIC CAP FOR DRIVE  SHAFT M52X1.5,3.0
RKFL,PLASTIC CAP (RA110) D 111 X 89 MM DISC,4.0
RAJ MACHINING CENTER,TCH  -49  X  37,3.0
RKFL,PLASTIC CAP DIA  115 MM,3.5
RSB,P06150106,7.0
KROSS,THREAD CAP M80,4.0
RKFL,PLASTIC SEPARATOR  DISC,4.0
ALIED INSTRUMENTS & THERMOCOUPLES,M. S. PLATE(WITH GRINDING),15.95
RAJ MACHINING CENTER,DAF SPINDLE CAP,3.0
RAJ MACHINING CENTER,EGE SPINDLE CAP,3.0
RKFL,PLASTIC CAP R A SHAFT,4.2
RAJ MACHINING CENTER,DAF SPINDLE CAP (UPPER),3.0
ALIED INSTRUMENTS & THERMOCOUPLES,16X11X1080 MM LONG SS LANCE,225.0
RSB,PART NO.PO6150024,0.07
RSB,CENTRE BEARING,14.59
RKFL,PLASTIC CAP SPLINE,5.0
RAJ MACHINING CENTER,SPINDLE CAP (139),3.0
RAJ MACHINING CENTER,SPINDLE CAP (85),3.0
RKFL,PLASTIC CAP ITL,5.5
RAJ MACHINING CENTER,SPINDLE CAP 95.6,3.0
RAJ MACHINING CENTER,SPINDLE CAP 85.5,3.0
THE TINPLATE COMPANY OF INDIA  LIMITED,CS23-11 (7.5 KW) END COVER REPAIRING,1080.0
THE TINPLATE COMPANY OF INDIA  LIMITED,C22-198 (7.5KW) END COVER REPAIRING,1080.0
THE TINPLATE COMPANY OF INDIA  LIMITED,C22-194 (18.5KW) END COVER REPAIRING,1470.0
ALIED INSTRUMENTS & THERMOCOUPLES,16X11X1750 MM LONG SS LANCE,225.0
ZF CVCS  INDIA LIMITED,COUPLING (PILLAR MACHINE),11400.0
RAJ MACHINING CENTER,SPINDLE CAP 82.5,3.0
RAJ MACHINING CENTER,SPINDLE CAP 133,3.0
RAJ MACHINING CENTER,SPINDLE CAP 85,3.0
ALIED INSTRUMENTS & THERMOCOUPLES,16X11X1110 MM LONG SS LANCE,225.0
ALIED INSTRUMENTS & THERMOCOUPLES,16X11X1410 MM LONG SS LANCE,225.0
ALIED INSTRUMENTS & THERMOCOUPLES,16X11X1710 MM LONG SS LANCE,225.0
THE TINPLATE COMPANY OF INDIA  LIMITED,C/23-57 (5.5) KWEND COVER REPAIRING,1080.0
THE TINPLATE COMPANY OF INDIA  LIMITED,C/23-16 (15 KW) END COVER REPAIRING,1410.0
THE TINPLATE COMPANY OF INDIA  LIMITED,CS23-23 (45 KW) END COVER REPAIRING,2550.0
THE TINPLATE COMPANY OF INDIA  LIMITED,CS23-25 (45 KW) END COVER REPAIRING,2550.0
THE TINPLATE COMPANY OF INDIA  LIMITED,CS23-26 (45 KW) END COVER REPAIRING,2550.0
RSB,PLASTIC CAP LONG FORK,4.6
RAJ MACHINING CENTER,SPINDLE CAP 139,3.0
RKFL,PLASTIC CAP SPLINE RA SHAFT (ID 60.3),5.0
RKFL,PLASTIC CAP SPLINE RASHAFT(ID 46.5),4.5
RSB,403 THURST WASHER,0.7
RSB,PLASTIC  CAP LONG FORK,4.6
RKFL,PLASTIC CAP 185MM DIA FOR 404 DIFF CASE,9.5
RKFL,PLASTIC CAP 73.5MM DIA FOR 404 DIFF CASE,4.5
ALIED INSTRUMENTS & THERMOCOUPLES,M.S.BUSH,7.25
TIMKEN,SEIBU ROLL,2000.0
TIMKEN,SPINDLE REPAIRING,2000.0
RSB,DOST WASHER,0.75
THE TINPLATE COMPANY OF INDIA  LIMITED,END COVER 15 HP,1510.0
THE TINPLATE COMPANY OF INDIA  LIMITED,END COVER 45 HP,2042.0
THE TINPLATE COMPANY OF INDIA  LIMITED,END COVER 7.5 HP,902.0
RSB,REAR  LOCATOR 590 JT,0.8
SILICON,63.5 DIA SPINDLE CAP,3.75
RKFL,PLASTIC CAP - 150 DIA,4.0
TATA CUMMINS,SPARE MECHANICAL SHAFT,159.0
TATA CUMMINS,SPARE MECHANICAL BUSH,67.0
RAJ MACHINING CENTER,PLASTIC CAP DIA 85.5,3.0
TATA CUMMINS,BRASS BUSH,255.0
TIMKEN,BAKING RING,1200.0
RAJ MACHINING CENTER,TCH  49  X  37,3.0
THE TINPLATE COMPANY OF INDIA  LIMITED,C/S 23-38 9.3KW END COVER,1160.0
THE TINPLATE COMPANY OF INDIA  LIMITED,E-23-46(15KW),1874.0
THE TINPLATE COMPANY OF INDIA  LIMITED,E-23-41(3.7KW),727.0
THE TINPLATE COMPANY OF INDIA  LIMITED,E-23-38(30KW),1874.0
RKFL,SEPARATOR DISK 150,4.0
THE TINPLATE COMPANY OF INDIA  LIMITED,C 23-80 (18.5KW) MOTOR END COVER REPAIRING,1470.0
THE TINPLATE COMPANY OF INDIA  LIMITED,C 23-74 (7.5 KW) MOTOR END COVER REPAIRING,1180.0
THE TINPLATE COMPANY OF INDIA  LIMITED,C 23-74 (5.5KW) MOTOR END COVER REPAIRING,1080.0
THE TINPLATE COMPANY OF INDIA  LIMITED,C 23-78 (3.7KW) MOTOR END COVER REPAIRING,998.0
THE TINPLATE COMPANY OF INDIA  LIMITED,END COVER (15 KW) MOTOR END COVER REPAIRING,1410.0
THE TINPLATE COMPANY OF INDIA  LIMITED,END COVER (45 KW) MOTOR END COVER REPAIRING,2042.0
ALIED INSTRUMENTS & THERMOCOUPLES,SEND MIXING BLADE(TOP),4.0
ALIED INSTRUMENTS & THERMOCOUPLES,CERAMIC PRESS MACHINE MATS MS,575.0
ALIED INSTRUMENTS & THERMOCOUPLES,TIPS HOLDING PISTON,650.0
ALIED INSTRUMENTS & THERMOCOUPLES,"MAKING NEW NIPPLE FOR 1100 MM, 3/4 LANCE",225.0
RAJ MACHINING CENTER,PLASTIC CAP 49X37HT,3.0
RSB,PROTECTIE COVER 70 DIA,3.0
RKFL,PLASTIC CAP FOR S-175 OD 95.35 MM COMMON,6.5
ALIED INSTRUMENTS & THERMOCOUPLES,S S LANCE  16 X 11 X 1110,225.0
ALIED INSTRUMENTS & THERMOCOUPLES,S S LANCE  16 X 11 X 1410,225.0
ALIED INSTRUMENTS & THERMOCOUPLES,S S LANCE  16 X 11 X 1710,225.0
RKFL,PLASTIC CAP  3/4 BSPT THREAD,4.0
RKFL,PLASTIC CAP (THREAD M 100),3.8
RKFL,PLASTIC CAP  3 1/4 BSPT THREAD,4.0
RKFL,PLASTIC CAP SPLINERASHAFT(ID 60.3),5.0
RKFL,PLASTIC CAP SEPARATOR  200,6.0
AMIT TRADING CORPORATION,SPLINE CAP FOR RA SHAFT(60.3),5.0
AMIT TRADING CORPORATION,SPLINE CAP FOR RA SHAFT(75.2),4.2
ALIED INSTRUMENTS & THERMOCOUPLES,3/4  LANCE - 4.7MM,1350.0
ALIED INSTRUMENTS & THERMOCOUPLES,3/4  LANCE - 3.5MM,650.0
ALIED INSTRUMENTS & THERMOCOUPLES,3/4  LANCE - 3MM,650.0
ALIED INSTRUMENTS & THERMOCOUPLES,REPAIR OF MENDAL,850.0
KROSS,THREAD CAP  M-40,3.0
KROSS,THREAD CAP  M46 X 1.5,3.0
RKFL,PLASTIC CAP BD-D66.40 (DANA SPINDLE),4.0
TATA MOTORS  LIMITED,REAR AXLE PLASTIC CAPS M14 X 2 MM,2.25
RKFL,PLASTIC CAP THREAD M  80,5.9
ALIED INSTRUMENTS & THERMOCOUPLES,16X11X1110MM LANCE,225.0
SILICON,63.5  DIA SPINDLE CAP,3.75
RKFL,THREAD PROTECTING CAP M50X1.5,3.5
TIMKEN,CAGE-L163101,800.0
RKFL,THREAD PROTECTING CAP M40X1.5,3.5
TATA CUMMINS,M S PACKING STRIP,15.0
TIMKEN,CHUCK NUT,550.0
RSB,PLASTIC CAP DIA 70 FOR DANA HUB GEAR,3.0
THE TINPLATE COMPANY OF INDIA  LIMITED,END COVER OF 3.7 KW,998.0
THE TINPLATE COMPANY OF INDIA  LIMITED,E23-69 15 KW,1874.0
THE TINPLATE COMPANY OF INDIA  LIMITED,E23-72 1.1 KW,727.0
THE TINPLATE COMPANY OF INDIA  LIMITED,E23-58 1.1 KW,727.0
THE TINPLATE COMPANY OF INDIA  LIMITED,E23-78 1.5 KW,727.0
ALIED INSTRUMENTS & THERMOCOUPLES,GEAR BOX,5000.0
THE TINPLATE COMPANY OF INDIA  LIMITED,630MM CRANE WHEEL,24000.0
NAN,PLASTIC CAP BD 66.40,3.2
TIMKEN,CAGE,850.0
RAJ MACHINING CENTER,TCH-49 X 37,3.0
RKFL,PLASTIC CAP 73.5 MM DIA FOR 404 DIFF CASE,4.5
ALIED INSTRUMENTS & THERMOCOUPLES,NIPPLE,225.0
TIMKEN,WORM SHAFT REPAIRING,1250.0
RKFL,PLASTIC CAP FLANGE RASHAFT (189.5),10.8
TATA CUMMINS,M.S.PACKING STRIP,15.0
ALIED INSTRUMENTS & THERMOCOUPLES,SHAFT REPAIRING,700.0
RKFL,PLASTIC CAP  FD-D115.75 (DANA SPINDLE),4.6
TIMKEN,REPAIRING OF CAGE,850.0
TIMKEN,REPAIR OF BACKING RING,1200.0
TIMKEN,SPACER 73 DIA,850.0
TIMKEN,SEGMENT SPACER248 DIA,4250.0
KROSS,THREAD PROTECTING CAP M40X1.5,3.0
KROSS,THREAD CAP  46 X 1.5,3.0
RKFL,PLASTIC CAP FD-D115.75 (DANA SPINDLE),4.6
RKFL,PLASTIC CAP FLANGE RASHAFT(ID 196.5),6.8
RKFL,PLASTI C CAP SPINDLE RASHAFT(ID 60.3),5.0
RKFL,PLASTIC CAP DIA 95.6 FOR,3.2
RKFL,PLASTIC CAP FLANGE RASHAFT (ID 196.5),6.8
TIMKEN,END CAP AM-170543,1000.0
TIMKEN,SUPPORT ROLLER AM-170544,1050.0
RKFL,PLASTIC CAP FD-D 133.75 (DANA SPINDLE),5.2
RKFL,PLASTIC CAP FD-D 115.75 (DANA SPINDLE),4.6
RKFL,PLASTIC CAP BD-D 110.35 (RA 114 CASE/COVER),4.6
TIMKEN,SPACER REPAIRING CHARGES,125.0
TIMKEN,REPAIRING  OF BACKING RING,1200.0
RKFL,PLASTIC CAP (THREAD 86) FOR AXLE STAMP,3.5
ALIED INSTRUMENTS & THERMOCOUPLES,3 1/4  S. S. LANCE 3.0 MTRS. LONG,650.0
RKFL,PLASTIC CAP  ITL DIA 141 MM,5.5
RKFL,PLASTIC CAP ITL DIA 141 MM,5.5
RKFL,PLASTIC CAP  ITL DIA 125.89 MM,6.75
RKFL,PLASTIC CAP BD-D110.35 (RA114CASE/COVER),4.6
AMIT TRADING CORPORATION,PLASTIC CAP RASHAFT(ID 60.3),5.0
AMIT TRADING CORPORATION,PLASTIC CAP RA SHAFT ID(75.2),4.2
ALIED INSTRUMENTS & THERMOCOUPLES,BRACKET BEARING,350.0
ALIED INSTRUMENTS & THERMOCOUPLES,3 /4  S. S. LANCE 4.7 MTRS. LONG,1350.0
ALIED INSTRUMENTS & THERMOCOUPLES,16X11X810MM LONG SS LANCE,225.0
RKFL,PLASTIC  CAP 110X119MM THREADED,14.0
RKFL,PLASTIC  CAP 97X228MM THREADED,25.0
RKFL,PLASTIC  CAP 110X119MM,14.0
KROSS,THREAD CAP M40,3.0
RKFL,PLASTIC CAP DIA 95.6 FOR  HUB GEAR,3.2
SILICON,PLASTIC DIAMLER CAP M40  X  1.5 MM,3.5
SILICON,PLASTIC FORD CAP M50 X 1.5 MMM,4.0
AMIT TRADING CORPORATION,SPINDLE CAP-133,4.0
AMIT TRADING CORPORATION,SPINDLE CAP-82.5,4.0
RAJ MACHINING CENTER,SPINDLE CAP-133,3.0
RAJ MACHINING CENTER,SPINDLE CAP-82.5,3.0
RAJ MACHINING CENTER,SPINDLE CAP-85,3.0
RAJ MACHINING CENTER,SPINDLE CAP-85.5,3.0
S.S.PLASTICS,DUST CAP(WHITE),1.2
SILICON,PLASTIC DIAMLER CAP  M40  X  1.5 MM,3.5
JAGAT ENGINEERING CENTRE,SPINDLE CAP-85.5,3.0
AMIT TRADING CORPORATION,SPINDLE CAP-85,4.0
JAGAT ENGINEERING CENTRE,SPINDLE CAP 133,3.0
JAGAT ENGINEERING CENTRE,SPINDLE CAP 139,3.0
RKFL,PLASTIC CAP ( THREAD M100 ),3.8
AMIT TRADING CORPORATION,SPINDLE CAP RA SHAFT(75.2),4.2
TIMKEN,SHOULDER BOLT (SOCKET HEAD-,575.0
TIMKEN,KNOUCK OUT PLATE,400.0
JAGAT ENGINEERING CENTRE,SPINDLE CAP-85,3.0
JAGAT ENGINEERING CENTRE,TCH  -49  X  37,3.0
RKFL,PLASTIC CAP DIA 120 MM,3.5
RKFL,PLASTIC CAP DIA 49  X HT37 MM,4.8
RKFL,PLASTIC SEPERATOR DISC TY OD200 ID50 TH2,6.0
JAGAT ENGINEERING CENTRE,SPINDLE CAP 82.5,3.0
ALIED INSTRUMENTS & THERMOCOUPLES,FAB.OF LINEAR BEARING SHAT,550.0
RKFL,PLASTIC CAP FOR DRIVE SHAFT  M52 X 1.5,3.0
AMIT TRADING CORPORATION,PLASTIC CAP RA SHAFT ID (75.2) HT(70),4.2
RKFL,PLASTIC SEPERATOR DISC TY OD150 ID50 TH2,4.0
RKFL,PLASTIC CAP THREAD  DIA 80 MM,5.9
RKFL,PLASTIC CAP RA SHAFT ID (75.2) HT(70),4.2
JAGAT ENGINEERING CENTRE,SPINDLE CAP 85.5,3.0
RKFL,PLASTIC CAP ( THREAD M100 ) FOR EGE SPINDLE,3.8
RKFL,PLASTIC CAP DIA 70 FOR DANA  HUB GEAR,10.75
RKFL,PLASTIC CAP (THREAD 86)  FOR AXLE STAMP,3.5
RKFL,PLASTIC CAP ITL DIA  193.36 MM,7.95
ALIED INSTRUMENTS & THERMOCOUPLES,3 1/4  S. S. LANCE 4500 MM. LONG,950.0
RKFL,PLASTIC  CAP 97X228MM,25.0
JAGAT ENGINEERING CENTRE,SPINDLE CAP 85,3.0
TATA CUMMINS,CONSUMABLE.MISC.LONG WATER JACKETMASKING,2.75
RKFL,PLASTIC CAP FLANGE RASHAFT(189.5),10.8
RKFL,PLASTI C CAP SPINDLE RASHAFT (ID60.3),5.0
AMIT TRADING CORPORATION,PLASTIC CAP SPLINE RASHAFT (ID 60.3),5.0
ALIED INSTRUMENTS & THERMOCOUPLES,3/4  S. S.  STRAIGHT LANCE 3 MTRS. LONG,650.0
ALIED INSTRUMENTS & THERMOCOUPLES,3/4  S. S.  STRAIGHT LANCE 4 MTRS. LONG,950.0
ALIED INSTRUMENTS & THERMOCOUPLES,LONG SPINDLE 50 DIA,650.0
ALIED INSTRUMENTS & THERMOCOUPLES,SHAFT,550.0
ALIED INSTRUMENTS & THERMOCOUPLES,RACK,2200.0
RKFL,PLASTIC CAP FOR DRIVE SHAFTM52 X 1.5,3.0
RKFL,PLASTIC CAP RA SHAFTID  (75.2) HT (70),4.2
ALIED INSTRUMENTS & THERMOCOUPLES,S.S.LANCE 16 X 11X 1110,225.0
RKFL,PLASTIC CAP THREAD 3 1/4 FOR EGE SPINDLE,4.0
TATA MOTORS  LIMITED,CROWN WHEEL HANGER FOR,4845.0
TATA MOTORS  LIMITED,PLASTIC DISC SEPARATOR,5.5
TATA MOTORS  LIMITED,REAR AXLE PLASTIC CAPS M14 X 2MM,2.25
RKFL,PLASTIC CAP 3 1/4,4.0
RKFL,PLASTIC CAP (THREAD 86)   FOR AXLE STAMP,3.5
RKFL-5,THREAD PROTECTING  CAP M40 X 1.5,3.5
RKFL-5,THREAD PROTECTING  CAPM50 X 1.5,3.5
RKFL-7,PLASTIC COVER SPRING POT,24.8
RKFL-7,PLASTIC CAP DIA 85,7.0
RKFL-7,PLASTIC CAP 3/4 BSPT THREAD,4.25
RKFL-7,PLASTIC COVER DIA 100MM X  88MM L,7.55
TIMKEN,REPAIRING OF SHOE HOLDER,500.0
TIMKEN,REPAIRING OF KNOCKOUT PLATE,500.0
RKFL,PLASTIC CAP FOR DRIVE SHAFT M52 X 1.5,3.0
ALIED INSTRUMENTS & THERMOCOUPLES,SOCKET-350 MM LONG WITHOUT,650.0
THE TINPLATE COMPANY OF INDIA  LIMITED,C 23-141 (18.5KW) MOTOR END COVER REPAIRING,1470.0
THE TINPLATE COMPANY OF INDIA  LIMITED,C 23-143 (18.5KW) MOTOR END COVER REPAIRING,1470.0
THE TINPLATE COMPANY OF INDIA  LIMITED,C 23-144 (15KW) MOTOR END COVER REPAIRING,1410.0
THE TINPLATE COMPANY OF INDIA  LIMITED,C 23-147 (18.5KW) MOTOR END COVER REPAIRING,1470.0
THE TINPLATE COMPANY OF INDIA  LIMITED,C 23-130 (18.5KW) MOTOR END COVER REPAIRING,1470.0
THE TINPLATE COMPANY OF INDIA  LIMITED,C 23-150 (15 KW) MOTOR END COVER REPAIRING,1410.0
THE TINPLATE COMPANY OF INDIA  LIMITED,E23-86  10 KW,1154.0
THE TINPLATE COMPANY OF INDIA  LIMITED,E23-93 15 KW,1874.0
THE TINPLATE COMPANY OF INDIA  LIMITED,E23-92 15 KW,1874.0
THE TINPLATE COMPANY OF INDIA  LIMITED,E23- 81 12.5 KW,1874.0
RKFL,PLASTIC CAP  ITL DIA 193.36 MM,7.95
RKFL-7,PLASTIC CAP FOR S-175 OD 265 MM COMMON,14.5
RKFL-7,PLASTIC CAP FD-D201.75 (RA110CASE/COVER),6.9
RKFL-7,PLASTIC COVER M12,2.55
RKFL-7,PLASTIC CAP DIA3/4,4.25
RKFL-7,PLASTIC COVER M24,2.95
ALIED INSTRUMENTS & THERMOCOUPLES,FAB. SHAFT,750.0
RKFL-7,PLASTIC CAP OF SPINDLE DIA 85 MM,4.5
RKFL-7,PLASTIC CAP FOR S-175 OD 95.35 MM COMMON,6.5
RKFL,PLASTIC CAP DIA 95.6,3.2
RKFL,PLASTIC CAP (THREAD M100) FOR EGE SPINDLE,3.8
SILICON,PLASTIC DIAMLER CAP   M40  X  1.5 MM,3.5
SILICON,PLASTIC FORD CAP M50 X 1.5 MM,4.0
RKFL,PLASTIC CAP RA SHAFT ID (75.2)  HT (70),4.2
RKFL-7,PLASTIC CAP  SPINDLE RA SHAFT (ID 46.5 ),4.5
RKFL-7,PLASTIC CAP  FLANGE RA SHAFT (ID 196.5 ),6.8
RKFL,PLASTIC CAP FLANGE  RA SHAFT (189.5),10.8
RKFL-7,MS PALLET  SP2 X CH000200  22,39210.0
RKFL-7,PLASTIC CAP  FOR S-175 OD 95.35 MM COMMON,6.5
RKFL-7,PLASTIC CAP 185 MM DIA FOR 404 DIFF CASE,9.5
TATA MOTORS  LIMITED,CROWN WHEEL HNG FR HT,4750.0
TATA MOTORS  LIMITED,HANGER FOR PINION (HT)_800,5800.0
TATA CUMMINS,BRASSS BUSH,255.0
RKFL,PLASTIC CAP RA   SHAFT ID (75.2) HT(70),4.2
RKFL,PLASTIC CAP RA SHAFT(ID  60.3 ),5.0
TIMKEN,CAGE-R30314,850.0
TIMKEN,CAGE ? HM124601,850.0
RKFL,"PLASTIC CAP (THREAD 3 1/4"")",4.0
JAGAT ENGINEERING CENTRE,PCH-49 X 37,3.0
RSB,RUBBER LOCATOR 590JT NATURAL RUBBER,0.8
RKFL-7,PLASTIC COVER SPRING POT ICF/J&T/SK1823,24.8
RKFL-7,PLASTIC COVER DIA 100 MM X 88MM L,7.55
ALIED INSTRUMENTS & THERMOCOUPLES,SOCKET -350 MM LONG WITH OUT- HARDENING,650.0
TATA MOTORS  LIMITED,SHOT BLASTING HANGER,6250.0
TATA MOTORS  LIMITED,HT SHOT BLASTING HNGR SYNCHRO PART 2300,6700.0
TATA MOTORS  LIMITED,SHORT BLASTING HNG FR D SFT DIA60  & MS DIA75,6875.0
RKFL,PLASTIC CAP DTHREAD DIA 80 MM,5.9
RKFL-7,"PLASTIC CAP (THREAD 3 1/4"")  FOR EGE SPINDLE",4.0
RKFL-7,PLASTIC CAP 185  MM DIA FOR 404 DIFF CASE,9.5
ALIED INSTRUMENTS & THERMOCOUPLES,REPAIRING OF GUIDE RAIL,1375.0
ALIED INSTRUMENTS & THERMOCOUPLES,CUTTING BLADE HOUSING CLAMP,750.0
SILICON,KNUCKLE CAP M4,1.9
JAGAT ENGINEERING CENTRE,SPINDLE CAP  139,3.0
AMIT TRADING CORPORATION,SPINDLE CAP  139,4.0
ALIED INSTRUMENTS & THERMOCOUPLES,REPAIRING OF TOP COVER OF SAND TANK,1000.0
RKFL,PLASTIC CAP 185  MM,9.5
RKFL,PLASTIC CAP R A SHAFT  ID (75.2) HT (70),4.2
RKFL,PLASTIC CAP SPLINE R A SHAFT  ID (60.3),5.0
TIMKEN,BACKING RING,1250.0
TIMKEN,CAGE-HM124601,850.0
TIMKEN,GUIDE FIXTURE RA31315,7950.0
TATA MOTORS  LIMITED,SHORT BLASTING HNG FR D SFT DIA60 & MS DIA75,6875.0
TATA MOTORS  LIMITED,CROW WHEEL HNG FR HT,4750.0
AMIT TRADING CORPORATION,SPINDLE CAP 75.2,4.2
AMIT TRADING CORPORATION,PLASTIC CAP SPLINE R A SHAFT ID (60.3),5.0
AMIT TRADING CORPORATION,PLASTIC CAP SPLINE R A SHAFT  ID (60.3),5.0
AMIT TRADING CORPORATION,PLASTIC CAP R A SHAFT  ID (75.2) HT (70),4.2
ALIED INSTRUMENTS & THERMOCOUPLES,3 1/4 S S LANCE 4MTR LONG,950.0
THE TINPLATE COMPANY OF INDIA  LIMITED,FRONT AND END COVER OF MOTOR C/S 23-59,1160.0
RKFL,PLASTIC CAP (THREAD M100),3.8
ALIED INSTRUMENTS & THERMOCOUPLES,S.S. LANCE FRONT WITH NIPPLE,650.0
ALIED INSTRUMENTS & THERMOCOUPLES,T.P.PUSHER,3000.0
TATA MOTORS  LIMITED,PINION,5800.0
RKFL,"PLASTIC CAP (THREAD 3 1/4"")  FOR EGE SPINDLE",4.0
RKFL,PLASTIC CAP DRIVE SHAFT M52 X 1.5,3.0
ALIED INSTRUMENTS & THERMOCOUPLES,FAB. MS BUSH (MI CABLE),7.25
RKFL,SAFETY CAP FOR FLANGE OD DIFF CASE -857,15.0
RKFL,PLASTIC CAP THREAD 3 1/4,4.0
RKFL,PLASTIC CAP (THREAD 86),3.5
RKFL-7,PLASTIC CAP FOR S-175 OD 95.35MM,6.5
RKFL-7,PLASTIC CAP THREAD 3 1/4,4.0
RKFL,SAFETY CAP FOR FLANGE OD  DIFF CASE -857,15.0
TIMKEN,SIBU ROLL,8500.0
RKFL,PLASTIC CAP DIA 49 X HT37 MM,4.8
ALIED INSTRUMENTS & THERMOCOUPLES,EJECTOR,850.0
RKFL,PLASTIC CAP RA SHAFTID(75.2) HT(70),4.2
TIMKEN,NYLON ROLLER,975.0
AMIT TRADING CORPORATION,SPINDLE CAP 85.5,4.0
AMIT TRADING CORPORATION,R.A SHAFT,4.2
RKFL,SAFETY CAP FOR BEARING OD  DIFF CASE -857,4.9
RKFL,PLASTIC CAP THREAD DIA 80MM,5.9
RKFL,PLASTIC CAP ITL DIA 193.6 MM,7.95
RKFL,PLASTIC CAP 120MM,3.5
RKFL,CANCELLED,
AMIT TRADING CORPORATION,R.A SHAFT 75.2,4.2
RKFL-7,PLASTIC CAP BD-D110.35  (RA 114 CASE/COVER),4.6
RKFL,PLASTIC SEPERATOR DISC TY Z OD200 ID50 TH2,6.0
TIMKEN,MODLER CAGE,850.0
TIMKEN,COLLET,550.0
RKFL,PLASTIC CAP FOR PROP SHAFT 156 M60 X 2,5.95
AMIT TRADING CORPORATION,PLASTIC CAP RASHAFT 60.3,5.0
RSB,RUBBER LOCATOR 590JTNATURAL RUBBER,0.8
TATA MOTORS  LIMITED,CROW WHEEL,4750.0
TATA MOTORS  LIMITED,SHOT BLASTING HANGER DIA 60_2500,6250.0
RKFL,PLASTIC CAP RASHAFT 60.3,5.0
RSB,THRUST WASHER DOST 70 DIA,0.75
KROSS,THREAD CAP M 46 X 1.5,3.0
ALIED INSTRUMENTS & THERMOCOUPLES,TP PUSHER,3000.0
TATA MOTORS  LIMITED,SHORT BLASTING HANGER,6250.0
TATA MOTORS  LIMITED,SHOT BLASTING HANGER DIA 60 & DIA 75,6875.0
SILICON,PLASTIC DIAMLER CAP M40 X 1.5,3.5
RKFL,PLASTIC CAP FD-D201.75 (RA110CASE/COVER),6.9
RKFL,PLASTIC CAP FD-D235.75 (RA110CASE/COVER),9.8
SILICON,PLASTIC DIAMLER CAP M50 X 1.5,4.0
KROSS,THREAD CAP M 46X1.5,3.0
KROSS,THREAD CAP M 40X1.5,3.0
JAGAT ENGINEERING CENTRE,SPINDLE CAP 101,3.0
JAGAT ENGINEERING CENTRE,SPINDLE CAP 141,4.0
KROSS,THREAD CAP M 40 X 1.5,3.0
SILICON,PLASTIC FORD CAP  M50 X 1.5,4.0
ALIED INSTRUMENTS & THERMOCOUPLES,3 1/4 S S LANCE 4MTR. LONG,950.0
JAGAT ENGINEERING CENTRE,PLASTIC CAP M-100,3.0
JAGAT ENGINEERING CENTRE,PLASTIC CAP 141,4.0
JAGAT ENGINEERING CENTRE,PLASTIC CAP 95.5,4.0
JAGAT ENGINEERING CENTRE,PLASTIC CAP 85.5,3.0
THE TINPLATE COMPANY OF INDIA  LIMITED,E23-129 (30KW),2137.0
THE TINPLATE COMPANY OF INDIA  LIMITED,E 23-129 (30KW),2543.0
THE TINPLATE COMPANY OF INDIA  LIMITED,E 23-130 (4KW),727.0
THE TINPLATE COMPANY OF INDIA  LIMITED,C/S 23-60(15KW),1880.0
THE TINPLATE COMPANY OF INDIA  LIMITED,C 23-141(18.5KW),1470.0
RKFL,PLASTIC CAP SPLINE RASHAFT(ID60.3),5.0
JAGAT ENGINEERING CENTRE,PLASTIC CAP 101,3.0
RKFL-7,PLASTIC CAP3/4 BSPT THREAD,4.25
RKFL-7,PLASTIC CAP BD-D110.35,4.6
AMIT TRADING CORPORATION,SPINDLE CAP 141,5.0
AMIT TRADING CORPORATION,SPINDLE CAP 100,4.0
RKFL,PLASTIC CAPDIA 120 MM,3.5
TIMKEN,"CAGE-HM124601, CAGE-H337801",850.0
JAGAT ENGINEERING CENTRE,SPINDLE CAP 100,3.0
JAGAT ENGINEERING CENTRE,SPINDLE CAP 95.5,4.0
JAGAT ENGINEERING CENTRE,SPINDLE CAP M-100,3.0
RKFL,PLASTIC CAP FLANGE  RASHAFT (189.5),10.8
RKFL-7,PLASTIC CAP FD-D235.75(RA114CASE/COVER),9.8
RKFL-7,PLASTIC CAP BD-D110.35 (RA114CASE/COVER),6.0
RKFL-7,PLASTIC CAP (MAN) D120 X 87 MM DIS,4.0
RKFL-7,PLASTIC CAP DIA 202.5(RA110 COVER),4.6
TATA MOTORS  LIMITED,CROW WHEEL HNG,4750.0
RKFL,PLASTIC CAP(THREAD86) FOR AXLE STAMP,3.5
RKFL,PLASTIC CAPFOR PROP SHAFT 156 M95 X 2,6.15
RKFL,PLASTIC CAP (THREADM100),3.8
RKFL,PLASTIC CAP ITL DIA 193.36MM,7.95
JAGAT ENGINEERING CENTRE,PLASTIC CAP-85.5,3.0
RKFL,PLASTIC CAP DIA 70 FOR DANA HUB GEARZ,10.75
RKFL,PLASTIC  CAP DIA 120 MM,3.5
AMIT TRADING CORPORATION,PLASTIC CAP SPLINE RASHAFT(ID60.3),5.0
AMIT TRADING CORPORATION,PLASTIC CAP SPLINE RASHAFT 75.2,4.2
RKFL,PLASTIC CAP SPLINE RASHAFT 75.2,4.2
RKFL-7,PLASTIC CAP OF SPINDLE  DIA 85MM,4.5
RKFL-7,PLASTIC CAP OF SPINDLE  DIA 126MM,5.5
RKFL,PLASTIC CAP FOR DRIVE SHAFT M52 X1.5,3.0
RKFL-7,PLASTIC COVER  M24,2.95
AMIT TRADING CORPORATION,PLASTIC CAP 60.3,5.0
ALIED INSTRUMENTS & THERMOCOUPLES,SHAFT FOR PAPER TUBE ROLLING MACHINE MATERIAL EN-19,1650.0
WIPRO PARI PRIVATE LIMITED,PCH ENGAGING GUAGE PIN,750.0
WIPRO PARI PRIVATE LIMITED,BEARING HOLDER BKT.,2900.0
AMIT TRADING CORPORATION,PLASTIC CAP 75.2,4.2
RKFL-7,PLASTIC CAP SPLINE RASHAFT (ID46.5),4.5
RKFL-7,PLASTIC CAP (MAN) D120 X 87 MM DISC,4.0
RKFL-7,PLASTIC CAP FOR S-175OD 265MM COMMON,14.5
TATA MOTORS  LIMITED,SHOT BLASTING HNG FR D SFT DIA60 & MS DIA75,6875.0
RKFL,PLASTIC CAP(THREAD86),3.5
RKFL,PLASTIC  CAP DIA 95.6,3.2
RSB,PLASTIC CAP FOR LONG FORK PART NO: P0615071,4.6
ALIED INSTRUMENTS & THERMOCOUPLES,BRACKET FOR LANCE HANDLE,200.0
AMIT TRADING CORPORATION,PLASTIC CAP M-100,4.0
TATA MOTORS  LIMITED,GEAR,6250.0
ALIED INSTRUMENTS & THERMOCOUPLES,LANCE 16X11X1410,225.0
ALIED INSTRUMENTS & THERMOCOUPLES,MENDRAL FOR PAPER,300.0
TIMKEN,BT ROLL,4100.0
TIMKEN,REGWHEEL,500.0
RKFL,PLASTIC CAPFOR PROP SHAFT156 M95 X 2,6.15
KROSS,THREAD CAP M 80X1.5,4.75
TATA MOTORS  LIMITED,CROWN WHEEL,4750.0
RSB,THRUST WASHER 117 JOINT,0.75
ALIED INSTRUMENTS & THERMOCOUPLES,LANCE 16X11X1110,225.0
ALIED INSTRUMENTS & THERMOCOUPLES,FAB HOLDER FOR UTUBE,25.0
RKFL-7,PLASTIC CAP RASHAFT  FLANGE 174.5,6.1
ALIED INSTRUMENTS & THERMOCOUPLES,3/4  BSP S S LANCE 4.7 MTR COMPLETE LANCE,1350.0
ALIED INSTRUMENTS & THERMOCOUPLES,3/4  BSP S S LANCE 3 MTR LONG WITH HANDLE,650.0
ALIED INSTRUMENTS & THERMOCOUPLES,FRONT LANCE WITH NIPPLE 1110 MM LONG,650.0
RKFL-7,PLASTIC CAP DIA 85 MM,7.0
RKFL-7,PLASTIC CAP RASHAFT FLANGE 174.5,6.1
ALIED INSTRUMENTS & THERMOCOUPLES,3/4  BSP 305 MM LONG,100.0
RKFL-7,PLASTIC COVEER DIA 100MM X 88MM L,7.55
RKFL-7,PLASTIC CAP RA SHAFT FLANGE 155.5,5.1
JAGAT ENGINEERING CENTRE,PCH 49 X 37,3.0
RKFL-7,PLASTIC COVER  DIA 100MM X 88MM L,7.55
TATA CUMMINS,MS PACKING STRIP,15.0
RKFL,PLASTIC CAP SPINDLE  RA SHAFT (ID 60.3 ),5.0
ALIED INSTRUMENTS & THERMOCOUPLES,FAB. TRAY FOR U TUBE HOLDER,650.0
RKFL-7,PLASTIC CAP # 2425 FD D214 / 157 X 18,5.0
ALIED INSTRUMENTS & THERMOCOUPLES,SHAFT FOR PAPER TUBE ROLLING MACHINE,1650.0
ALIED INSTRUMENTS & THERMOCOUPLES,SHAFT HOLDER,575.0
AMIT TRADING CORPORATION,SPINDLE CAP M-146,4.0
TATA MOTORS  LIMITED,SHOT BLASTING HNG FR D SFT DIA60,6875.0
RKFL,FOR AXLE STAMP  PLASTIC CAP(THREAD86),3.5
SILICON,KNUCKLE CAP - M60,3.25
JAGAT ENGINEERING CENTRE,PLASTIC CAP 146,4.0
ALIED INSTRUMENTS & THERMOCOUPLES,FAB. BUSH,125.0
ALIED INSTRUMENTS & THERMOCOUPLES,FAB. PUNCH,375.0
TATA MOTORS  LIMITED,SYNCHRO,6700.0
TATA MOTORS  LIMITED,HANGER,6250.0
TATA MOTORS  LIMITED,60 DIA  GEAR,6250.0
TATA MOTORS  LIMITED,SHAFT,6875.0
JAGAT ENGINEERING CENTRE,PLASTIC CAP 100,3.0
JAGAT ENGINEERING CENTRE,PCH 49 X 37 SPINDLE,3.0
TIMKEN,BUSH,750.0
TIMKEN,BASE PLATE,650.0
RKFL,PLASTIC CAP SPINDLE RA SHAFT (ID 60.3 ),5.0
JAGAT ENGINEERING CENTRE,PLASTIC CAP DIA 180,4.0
ALIED INSTRUMENTS & THERMOCOUPLES,FAB.OF TROLLEY WITH HANDLE,7620.0
ALIED INSTRUMENTS & THERMOCOUPLES,FAB. HARDENED SOCKET- 250MM,675.0
ALIED INSTRUMENTS & THERMOCOUPLES,FAB. HARDENED SOCKET- 350MM,750.0
ALIED INSTRUMENTS & THERMOCOUPLES,REPAIR OF BACKET,600.0
ALIED INSTRUMENTS & THERMOCOUPLES,REPAIR OF  50 DIA SHAFT WITH 2 NOS. END SHAFT.,2300.0
ALIED INSTRUMENTS & THERMOCOUPLES,REPAIRING OF GEAR BOX,5000.0
TATA MOTORS  LIMITED,SHOT BLASTING HANGER GEARS G950 _1500,6250.0
TATA MOTORS  LIMITED,SHOT BLASTING HANGERDIA 60_2500,6250.0
TATA MOTORS  LIMITED,CAPS M14 X 2MM,2.25
AMIT TRADING CORPORATION,SPINDLE CAP 146,5.0
RKFL-7,PLASTIC CAP OF SPINDLE DIA 126MM,5.5
TATA CUMMINS,PACKING STRIP,15.0
RKFL,SHAFT 156 M60X2,5.95
JAGAT ENGINEERING CENTRE,SPINDLE CAP 146,4.0
JAGAT ENGINEERING CENTRE,PLASTIC CAP 49X37 HT,3.0
RKFL,PLASTIC CAP RA SHAFT ID(60.3),5.0
RKFL-7,PLASTIC COVER DIA  100MM X88MM L,7.55
TATA MOTORS  LIMITED,HNGR SYNCHRO PART 2300,6700.0
TATA MOTORS  LIMITED,GEARS G950 _1500,6250.0
RKFL,PLASTIC CAP DIA 70 THREADED,10.75
ALIED INSTRUMENTS & THERMOCOUPLES,FAB. OF FRONT LANCE WITH NIPPLE,580.0
RKFL,PLASTIC CAP FLANGE RA SHAFT(189.5),10.8
ALIED INSTRUMENTS & THERMOCOUPLES,FAB. HARDENED SOCKET-250 MM,675.0
ALIED INSTRUMENTS & THERMOCOUPLES,FAB. HARDENED SOCKET-350 MM,750.0
TATA STEEL LIMITED(TINPLATE DIVISION ),LT WHEEL RECONDITIONING,24000.0
AMIT TRADING CORPORATION,SPINDLE CAP 60.3,5.0
ZENITH FORGE PRIVATE LIMITED,FIXTURE FOR SHAFT NEW (SHOT BLASTING M/C),10500.0
RKFL-7,PLASTIC CAP RASHAFT FLANGE 155.5,5.1
SILICON,KNUCKLE CAP M40,3.5
TATA STEEL LIMITED(TINPLATE DIVISION ),CT WHEEL RECONDITION 320MM,2985.0
RKFL,SPINDLE CAP 60.3,5.0
ALIED INSTRUMENTS & THERMOCOUPLES,16X11X1200 MM LONG SS LANCE,225.0
TATA STEEL LIMITED(TINPLATE DIVISION ),END COVER REPAIRING OF 55KW DC MOTOR,1510.0
RKFL,PLASTIC CAP FLANGE RA SHAFT (189.5),10.8
TATA MOTORS LIMITED,CROWN WHEEL,4750.0
TATA MOTORS LIMITED,HANGER FOR PINION,5800.0
RKFL,PLASTIC CAP  110 X119 MM THREADED,14.0
RKFL,PLASTIC CAP  97 X228 MM THREADED,25.0
RKFL,PLASTIC CAP  FOR PROP SHAFT 156 M60 X 2,5.95
RKFL,PLASTIC CAP  FOR PROP SHAFT 156 M95 X 2,6.15
RKFL-7,PLASTIC CAP #2425/37 BD D105/69 X 30,5.0
RKFL-7,PLASTIC CAP 185MM DIA FOR 404 DIFF CASE,9.5
SILICON,KNUCKLE CAP 2.9T(M-24),2.9
TATA STEEL LIMITED(TINPLATE DIVISION ),END COVER REPAIRING OF  75 KW AC MOTOR,2298.0
TATA STEEL LIMITED(TINPLATE DIVISION ),END COVER REPAIRING OF 18.5 KW DC MOTOR,1510.0
TATA STEEL LIMITED(TINPLATE DIVISION ),END COVER REPAIRING OF  15 KW DC MOTOR,1410.0
TATA STEEL LIMITED(TINPLATE DIVISION ),END COVER REPAIRING OF 1.5 KW AC MOTOR,897.0
TATA STEEL LIMITED(TINPLATE DIVISION ),END COVER REPAIRING OF 7.5 KW AC MOTOR,1180.0
TATA STEEL LIMITED(TINPLATE DIVISION ),END COVER REPAIRING OF  5.5KW AC MOTOR,1080.0
ALIED INSTRUMENTS & THERMOCOUPLES,FAB. LINEAR BEARING SHAFT 25MM DIA X L 230MM,750.0
ALIED INSTRUMENTS & THERMOCOUPLES,MS BRACKET REPAIRING,450.0
ALIED INSTRUMENTS & THERMOCOUPLES,"3/4"" 4700 MM LONG COMPLETE BEND LANCE",1350.0
ALIED INSTRUMENTS & THERMOCOUPLES,"3/4"" 5100 MM LONG COMPLETE BEND LANCE",1350.0
ALIED INSTRUMENTS & THERMOCOUPLES,"3/4"" 3500 MM LONG STRAIGHT LANCE",650.0
SILICON,PLASTIC FORD CAP M50 X1.5MM,4.0
RSB,620 THRUST  WASHER,0.8
ALIED INSTRUMENTS & THERMOCOUPLES,FAB. OF PLATE  SIZE: 20 MM THICK X W 25MM X L 145MM,425.0
ALIED INSTRUMENTS & THERMOCOUPLES,FAB. OF CHECK NUT  SIZE: M 24 X 1.5 MM PITCH,325.0
RKFL,PLASTIC CAP (THREADM100) FOR EGE SPINDLE,3.8
TATA MOTORS LIMITED,SHOT BLASTING HNG FR D SFT DIA60 & MS DIA75,6875.0
RKFL,SAFETY CAP FOR FLANGE OD DIFF CASE 857,15.0
RKFL-7,PLASTIC CAP 3/4BSPT THREAD,4.25
RKFL-7,PLASTIC CAP FOR S-175OD 95.35 MM COMMON,6.5
RKFL,SAFETY CAP FOR FLANGEOD DIFF CASE 857,15.0
KROSS,PLASTIC CAP DIA M20 X70MM LONG,3.65
JAGAT ENGINEERING CENTRE,PLASTIC CAP 82.5,3.0
JAGAT ENGINEERING CENTRE,PLASTIC CAP 85,3.0
TIMKEN,ROLLER MODULER CAGE,1000.0
TIMKEN,LVDT HOLDER,375.0
TIMKEN,LVDT PROBE WITH BUSH,425.0
RKFL-7,PLASTIC CAP D 113X 46 X 3 MM DISC,2.8
TATA STEEL LIMITED(TINPLATE DIVISION ),CT WHEEL RECONDITION 160 MM,2650.0
RKFL-7,PLASTIC CAP FD-D201.75(RA 110 CASE / COVER),6.9
RKFL-7,PLASTIC CAP #2428/30 BD D 102 / 58 X 40,4.75
RKFL-7,PLASTIC CAP 185MM DIA FOR 404 DIFF  CASE,9.5
RKFL-7,PLASTIC CAP #2428/30 BDD 102 / 58 X 40,4.75
RKFL-7,PLASTIC CAP #2425 FD D214 /157 X 18,5.0
RKFL-7,PLASTIC CAP DIA 120 MM,3.5
RKFL-7,PLASTIC CAP 73.5MM DIA,4.5
ALIED INSTRUMENTS & THERMOCOUPLES,"3/4"" X 12"" LONG EXTENSION PIPE WITH ONE SIDE THREAD.",100.0
RKFL-7,PLASTIC CAP 185MMDIA FOR 404 DIFF  CASE,9.5
RKFL-7,PLASTIC COVER DIA  100 MM X 88MM L,7.55
SILICON,PLASTIC DIAMLER CAP M40 X 1.5MM,3.5
ALIED INSTRUMENTS & THERMOCOUPLES,"3/4"" 4500 MM LONG STRAIGHT LANCE",650.0
ALIED INSTRUMENTS & THERMOCOUPLES,"3/4"" 4000 MM LONG STRAIGHT LANCE",650.0
ALIED INSTRUMENTS & THERMOCOUPLES,"3/4"" S. S LANCE 5100 MM LONG COMPLETE",1350.0
ALIED INSTRUMENTS & THERMOCOUPLES,"3/4"" S. S LANCE 4700 MM LONG COMPLETE",1350.0
TATA STEEL LIMITED(TINPLATE DIVISION ),END COVER REPAIRING OF  11 KW DC MOTOR,1395.0
RSB,THRUST WASHER SUPER ACE,0.75
AMIT TRADING CORPORATION,PLASTIC CAP M100,4.0
TATA MOTORS LIMITED,REAR AXLE PLASTIC  CAPS M14 X 2MM,2.25
TATA MOTORS LIMITED,SHOT BLASTING HANGER GEARS G950 _1500,6250.0
TATA MOTORS LIMITED,CROWN WHEEL HNG FR HT,4750.0
TATA MOTORS LIMITED,HANGER FOR PINION (HT)_800,5800.0
TATA MOTORS LIMITED,REAR HUB PLASTIC CAP,0.7
TATA MOTORS LIMITED,M10 PLASTIC CAP,0.73
TATA CUMMINS,BLOCK WATER JACKET MASKING MATERIAL,2.75
RKFL-7,PLASTIC CAP FD-D235.75  (RA114CASE/COVER),9.8
RSB,590 THRUST   WASHER,0.8
SILICON,PLASTIC FORD CAP M50 X 1.5MM,4.0
SILICON,AXLE ARM CAP M-42,1.9
RKFL-7,PLASTIC CAP D 113 X 46 X 3 MM DISC,2.8
JAGAT ENGINEERING CENTRE,PLASTIC CAP DIA 82.5,3.0
ALIED INSTRUMENTS & THERMOCOUPLES,"3/4"" S.S.LANCE 3.5MM LONG (MODIFYED)",950.0
TATA MOTORS LIMITED,CROWN WHEEL HNG,4750.0
TATA MOTORS LIMITED,SHOT BLASTING HANGERDIA 60_2500,6250.0
AMIT TRADING CORPORATION,60.3 & 133 PLASTIC CAP,4.0
TIMKEN,EXIT TUBE COUPLING,1000.0
TIMKEN,ADAPTOR ACCESSORIES,750.0
RKFL-7,PLASTIC COVER DIA 100MM X 88MM L,7.55
RKFL-7,PLASTIC CAP 73.5MM DIA FOR 404 DIFF CASE,4.5
TIMKEN,CONE BM-369910,3975.0
TATA MOTORS LIMITED,CAPS M14 X 2MM,2.25
RKFL-7,PLASTIC CAP 185MM,9.5
RKFL-7,PLASTIC CAP BD -D110.35,4.6
RKFL-7,PLASTIC CAP FD-D201.75,6.9
RKFL,PLASTIC CAP (THREADM100)FOR EGE SPINDLE,3.8
RKFL,PLASTIC CAP DIA49 X HT37 MM,4.8
JAGAT ENGINEERING CENTRE,PLASTIC CAP 180 MM,6.0
AMIT TRADING CORPORATION,PLASTIC CAP M52 X 1.5,3.5
TATA MOTORS LIMITED,GEARS G950 _1500,6250.0
TATA MOTORS LIMITED,SHOT BLASTING HANGER DIA 60_2500,6250.0
AMIT TRADING CORPORATION,PLASTIC CAP M46 X1.5,3.5
AMIT TRADING CORPORATION,PLASTIC CAP DIA M52 X 1.5,3.25
SILICON,KNUCKLE CAP 3.5T (PART NO.IA454828 & IA454829),3.2
RKFL,SAFETY CAP FOR FLANGE  OD DIFF CASE-857,15.0
AMIT TRADING CORPORATION,THREAD CAP M 46X1.5,3.5
TIMKEN,ROLLER MODLER CAGE,1000.0
RKFL-7,PLASTIC CAP FOR S-175OD 265 MM COMMON,14.5
RKFL-7,PLASTIC CAP RASHAFTFLANGE 155.5,5.1
ALIED INSTRUMENTS & THERMOCOUPLES,FAB. HARDENED SOCKET-250MM,675.0
ALIED INSTRUMENTS & THERMOCOUPLES,FAB. HARDENED SOCKET-350MM,750.0
ALIED INSTRUMENTS & THERMOCOUPLES,FAB. OF ROLLER,800.0
RKFL-7,PLASTIC CAP # 2425/37 BD D105/ 69 X 30,5.0
TIMKEN,ROLLER CLAMPBM-374475 PART NO. R31310M,4500.0
TIMKEN,CAGE RIB REWORK,850.0
TIMKEN,MACHINING OF ADAPTOR,450.0
ZENITH FORGE PRIVATE LIMITED,FIXTURE FOR SHAF,10500.0
ALIED INSTRUMENTS & THERMOCOUPLES,FAB. OF  SHAFT,1200.0
RKFL,SAFETY CAP FOR BEARING  OD DIFF CASE-857,4.9
RSB,620  THRUST WASHER,0.8
TIMKEN,"CAGE RIB REWORK(RA31314,HH914401)",1000.0
TIMKEN,TRANSPORTATION CHARGES,1000.0
TATA MOTORS LIMITED,HT SHOT BLASTING HNGR SYNCHRO PART 2300,6700.0
JAGAT ENGINEERING CENTRE,RATE DIFFERENCE,2.0
SILICON,SPINDLE  CAP DIA 63.5,3.0
SILICON,TRANSPORTATION CHARGES,500.0
ALIED INSTRUMENTS & THERMOCOUPLES,FAB. OF  SHAFT MATS. BRIGHT BAR,1200.0
ALIED INSTRUMENTS & THERMOCOUPLES,"3/4"" S.S.LANCE -3.5MM LONG(MODIFIED)",950.0
ALIED INSTRUMENTS & THERMOCOUPLES,"3/4"" S.S.LANCE -4.0MM LONG(MODIFIED)",950.0
AMIT TRADING CORPORATION,SPINDLE CAP M100,4.0
AMIT TRADING CORPORATION,SPINDLE CAP M32X1.5,3.0
AMIT TRADING CORPORATION,SPINDLE CAP M-100,4.0
SILICON,KNUCKLE CAP 3.5 T,3.2
PROGRESSIVE AUTOMOTIVES,SWITCH COVER W/FET.407024,4.6
PROGRESSIVE AUTOMOTIVES,407 PECO BACKCOVER W/FET 4077073,4.1
SILICON,KNUCKLE CAP 3.5T(PART NO. IA454828 &IA454829),3.2
SILICON,TRANSPORT CHARGES,500.0
RKFL,SAFETY CAP FORBEARING OD DIFF CASE-857,4.9
RKFL,PLASTIC CAP RA SHAFT ID(75.2)HT(70),4.2
ALIED INSTRUMENTS & THERMOCOUPLES,FAB. OF ARM BRACKET,1200.0
JAGAT ENGINEERING CENTRE,PLASTIC CAP 139,3.0
RSB,THRUST WASHER SUPER ACC,0.75
TATA STEEL LIMITED(TINPLATE DIVISION ),END COVER REPAIRING OF  15 KW AC MOTOR,1800.0
TATA STEEL LIMITED(TINPLATE DIVISION ),END COVER REPAIRING OF 5.5 KW AC MOTOR,1100.0
RKFL-7,PLASTIC CAP RA SHAFT FLANGE 174.55,6.1
ALIED INSTRUMENTS & THERMOCOUPLES,ALLUMINIUM ROLLER,1200.0
RKFL,PLASTIC SEPARATOR DISC TY OD 150 ID50 TY2,4.0
RKFL,PLASTIC CAP FOR PROP SHAFT 156 M95 X 2,6.15
SILICON,KNUCKLE CAP 2.9 T,2.9
RKFL,PLASTIC CAP FOR DRIVE SHAFTM52  X 1.5,3.0
RKFL,PLASTIC CAP ITL DIA 163.25  MM,5.5
TATA MOTORS LIMITED,CANCELLED,
RKFL,PLASTIC CAP SPLINE RASHAFT (ID 46.5),4.5
S.S.PLASTICS,PLASTIC PAD,6.0
TIMKEN,HANDLE FOR FINISH CUP PLUG,1500.0
TIMKEN,BENCH VICE,4000.0
JAGAT ENGINEERING CENTRE,PLASTIC CAP DIA 85.5,3.0
JAGAT ENGINEERING CENTRE,PLASTIC CAP DIA 133,3.0
JAGAT ENGINEERING CENTRE,PLASTIC CAP DIA 141,4.0
AMIT TRADING CORPORATION,SPINDLE  CAP 133,4.0
AMIT TRADING CORPORATION,PLASTIC CAP DIA 133,4.0
AMIT TRADING CORPORATION,PLASTIC CAP DIA 82.5,4.0
RKFL,PLASTIC CAP SPINDLE RA SHAFT (ID 60.3),5.0
SILICON,KNUCKLE CAP 2.9 T (PART NO. IA456418 & IA456419),2.9
RKFL-7,SAFETY CAP FOR BEARINGOD DIFF CASE-984,5.25
SILICON,KNUCKLE CAP185,6.0
JAGAT ENGINEERING CENTRE,PLASTIC CAP DIA 115,3.0
AMIT TRADING CORPORATION,SPINDLE  CAP 82.5,4.0
RKFL,SAFETY CAP FOR BEARING OD DIFF CASE -857,4.9
SILICON,KNUCKLE CAP 3.5 T (PART NO. IA454828 & IA454829),3.2
RKFL-7,PLASTIC CAP FLANGE  RASHAFT (189.5),10.8
RKFL,PLASTIC SEPERATOR DISC TY OD 200 ID50 TH2,6.0
RKFL,PLASTIC CAP FOR PROPSHAFT 156 M60 X 2,5.95
RKFL,RA SHAFT (ID 60.3),5.0
,PLASTIC CAP ITL DIA 193.36 MM,7.95
AMIT TRADING CORPORATION,M46 X  20 LONG,3.5
AMIT TRADING CORPORATION,PLASTIC CAP EZEE SPINDLE 82.5,4.0
TATA MOTORS LIMITED,REAR AXLE PLASTICCAPS M14 X 2MM,2.25
RKFL-7,PLASTIC CAP SPINDLE RA SHAFT (ID 46.5),4.5
AMIT TRADING CORPORATION,PLASTIC CAP EZEE SPINDLE 133,4.0
ALIED INSTRUMENTS & THERMOCOUPLES,FAB. OF SUPER GEAR 24 TEETCH,900.0
JAGAT ENGINEERING CENTRE,PCH 49 X 37 SPINDLE CAP,3.0
JAGAT ENGINEERING CENTRE,PLASTIC CAP  133,3.0
RKFL,PLASTIC SEPERATOR DISC TY OD 150 ID50 TH2,4.0
ZF CVCS  INDIA LIMITED,PIN GAUGE DIA 4.6 MM,550.0
JAGAT ENGINEERING CENTRE,PLASTIC CAP DIA 139,3.0
AMIT TRADING CORPORATION,PLASTIC CAP EGE SPINDLE  133,4.0
SILICON,KNUCKLE CAP M32 X 1.5,3.5
TIMKEN,ADAPTOR CAP,450.0
TIMKEN,SHOE HOLDER,500.0
TIMKEN,DELIVERY CHARGES,1000.0
RKFL-7,PLASTIC CAP  SPLINE RA SHAFT (ID 46.5 ),4.5
AMIT TRADING CORPORATION,PLASTIC CAP 82.5,4.0
SILICON,KNUCKLE CAP 3.5 T M-24,3.2
SILICON,KNUCKLE CAP 2.9 T M-22,2.9
ALIED INSTRUMENTS & THERMOCOUPLES,REPAIRING OF IJECTOR ASSY,2200.0
AMIT TRADING CORPORATION,PLASTIC CAP EGE SPINDLE M32X1.5,3.0
TIMKEN,ALIGNMENT  PIN - M255401,850.0
TATA MOTORS LIMITED,SHOT BLASTING HNG FR D SFT DIA60  & MS DIA75,6875.0
SILICON,KNUCKLE CAP -44,1.9
RKFL-7,PLASTIC CAP BD-D110.35(RA114CASE/COVER),4.6
TIMKEN,CONE SETUP PLUG,2500.0
SILICON,PLASTIC FORD CAP M32 X 1.5MM,3.5
RSB,RH NECK,5.0
SILICON,KNUCKLE CAP -48,2.0
TIMKEN,MANDREL BOLT,4500.0
SILICON,KNUCKLE CAP M-50,2.85
TATA STEEL LIMITED(TINPLATE DIVISION ),NAN,
ALIED INSTRUMENTS & THERMOCOUPLES,FAB.OF EJECTOR,6.0
ALIED INSTRUMENTS & THERMOCOUPLES,FAB EJECTOR PIN M-14,150.0
ALIED INSTRUMENTS & THERMOCOUPLES,FAB EJECTOR PIN M-16,200.0
KROSS,THREAD CAP M 40 X1.5,3.0
KROSS,THREAD CAP M 46 X1.5,3.0
TATA MOTORS LIMITED,HANGER PINION 5420/16 (HT)_6800,5800.0
TATA MOTORS LIMITED,PLASTIC DISC SEPARATOR FOR MATERIAL,5.5
RKFL-7,PLASTIC CAP 2435/28 FD D351 / 157 X 37,24.0
SILICON,SPINDLE CAP DIA 63.5,3.0
SILICON,KNUCKLE CAP 2.9  T M-22,2.9
JAGAT ENGINEERING CENTRE,PLASTIC CAP 115,4.0
SILICON,KNUCKLE CAP M-32 X 1.5,3.5
JAGAT ENGINEERING CENTRE,PLASTIC CAP 180,6.0
RKFL,PLASTIC CAP  RA SHAFT HD(75.2)HT(70),4.2
SILICON,KNUCKLE CAP -42,1.9
PROGRESSIVE AUTOMOTIVES,SWITCH COVER W/FET407024.,4.6
PROGRESSIVE AUTOMOTIVES,407 PECO BACK COVER W/FET 4077073,4.1
RKFL-7,PLASTIC CAP # 2430/37 FD D351 / 157 X 21,23.0
RKFL-7,PLASTIC CAP #2428/30 BD  D102 / 58 X 40,4.75
RSB,PLASTIC CAP GREASE NIPPLE COVER,0.07
ALIED INSTRUMENTS & THERMOCOUPLES,"MAKING BSP THREAD AT BOTH END SS PIPE 3/4"" X 600 MM LONG",100.0
RKFL,SAFETY CAP FOR BEARINGOD DIFF CASE 857,4.9
RKFL,PLASTIC CAP (THREAD M100)FOR EGE SPINDLE,3.8
SILICON,SPINDLE  CAP #2523,3.25
JAGAT ENGINEERING CENTRE,PLASTIC CAP95.5,4.0
JAGAT ENGINEERING CENTRE,PLASTIC CAP 133,3.0
RKFL,PLASTIC CAP 95.6,3.2
AMIT TRADING CORPORATION,SPINDLE  CAP 60.3,4.0
AMIT TRADING CORPORATION,SPINDLE  CAP 75.2,4.2
AMIT TRADING CORPORATION,M 14,2.25
RKFL,PLASTIC CAP 86,3.5
RKFL,PLASTIC CAP 193.36,7.95
RKFL,PLASTIC CAP  DIA 70,10.75
"TATA STEEL LIMITED, TINPLATE DIVISION",END COVER REPAIRING OF  80 KW AC MOTOR,0.0
"TATA STEEL LIMITED, TINPLATE DIVISION",500 DIA CT DRIVE OF TM-1WHEELS 32002293,0.0
"TATA STEEL LIMITED, TINPLATE DIVISION",500 IDLE WHEELS OF TM-1CRANE 32002294,0.0
"TATA STEEL LIMITED, TINPLATE DIVISION",TRAILNG WHEEL OF EOT CRANE & DIA 630MM  32000072.,0.0
"TATA STEEL LIMITED, TINPLATE DIVISION",RGS CRANE CT IDLE WHEEL 160MM DIA,0.0
TIMKEN,WASHER COUNTER BORE QUILL,550.0
ZENITH FORGE PRIVATE LIMITED,PLASTIC DISC SEPARATOR DIA 150,4.41
ZENITH FORGE PRIVATE LIMITED,PLASTIC DISC SEPARATOR DIA 200,6.12
TATA MOTORS LIMITED,HANGER PINION 5420/16,5800.0
RKFL-7,PLASTIC CAP 85,7.0
RKFL,PLASTIC DISC SEPARATOR DIA 150,4.0
RKFL,PLASTIC CAP THREAD 86,3.5
RKFL-7,PLASTIC CAP DIA  85,7.0
KROSS,THREAD CAP M 80 X 1.5,4.75
ALIED INSTRUMENTS & THERMOCOUPLES,FAB. NEW ARM SHAFT,2800.0
ALIED INSTRUMENTS & THERMOCOUPLES,COMPLETE SET & PAPER TUBE CUTTING SHAFT,3000.0
PROGRESSIVE AUTOMOTIVES,SWITCH COVER W/FET 407024,4.6
JAGAT ENGINEERING CENTRE,PCH CAP  180 DIA,6.0
TATA MOTORS LIMITED,HNGR SYNCHRO PART 2300,6700.0
JAGAT ENGINEERING CENTRE,PCH 49 X 37CAP,3.0
JAGAT ENGINEERING CENTRE,PLASTIC CAP DIA  82.5,3.0
SILICON,PLASTIC CAP DIA 185,6.5
ALIED INSTRUMENTS & THERMOCOUPLES,MENDRAL REPAIRING,350.0
JAGAT ENGINEERING CENTRE,PLASTIC CAP DIA  85.5,3.0
TIMKEN,SUPPORT ROLLER WITH BOLT,950.0
JAGAT ENGINEERING CENTRE,PCH CAP 180 DIA,6.0
JAGAT ENGINEERING CENTRE,PCH 49 X 37  CAP,3.0
AMIT TRADING CORPORATION,PLASTIC CAP DIA 85 MM,4.0
AMIT TRADING CORPORATION,PLASTIC CAP 139,4.0
AMIT TRADING CORPORATION,PLASTIC CAP DIA  82.5,4.0
SILICON,PLASTIC CAP EGE SPINDLE M32X1.5,3.5
AMIT TRADING CORPORATION,PLASTIC CAP 133,4.0
RKFL,PLASTIC DISC SEPARATOR DIA 200,6.0
RSB,PLASTIC CAP THREAD 3/4  BSP,4.25
RSB,PLASTIC CAP THREAD 1/4  BSP,2.65
AMIT TRADING CORPORATION,PLASTIC CAP EGE SPINDLE 139,4.0
AMIT TRADING CORPORATION,PLASTIC CAP EGE SPINDLE 82.5,4.0
RSB,THRUST WASHER 117 JT,0.75
SILICON,PLASTIC CAP DIA 73.5,2.0
RSB,PLASTIC CAP FOR GREASE NIPPLE COVER,0.07
TATA MOTORS LIMITED,HANGER PINION 5420/16 (HT)_6800 MATERIAL,5800.0
RSB,GREASE NIPPLE,0.07
TIMKEN,SECTOR ARM,650.0
TIMKEN,ROLLER ADAPTOR,350.0
RKFL,PLASTIC SEPARATOR DISC TY OD200,6.0
RKFL,PLASTIC  CAP RA SHAFT ID(75.2) HT(90),4.0
JAGAT ENGINEERING CENTRE,PLASTIC CAP DIA 95.5,4.0
RKFL-7,PLASTIC COVER SPRING POT ICF/J&T/SK1823POT,24.8
NAN,NAN,
